weeks	baby_id	g__Bifidobacterium	B_adolescentis	B_angulatum	B_animalis	B_bifidum	B_breve	B_catenulatum	B_dentium	B_longum	B_pseudocatenulatum	B_pseudolongum	B_psychraerophilum
1	360	1.62129	0.02872	0	0	0.68595	0.1797	0	0.00323	0.61464	0.10905	0	0
1	162	0.4201	0.02965	0	0.0192	0.04272	0.10565999999999999	0	0.029410000000000002	0.19257	9.1e-4	0	0
1	285	0.46498999999999996	0.00147	0	0	0.01468	0.015780000000000002	0	0.00206	0.42995	0.00106	0	0
1	276	0.25688	0.04929	0	0	0.01208	0.02805	0	0	0.14189000000000002	0.02557	0	0
1	270	1.0135100000000001	0.02277	0	0.04185	0.32836	0.09017	0.0019399999999999999	0.06674	0.4176	0.04408	0	0
1	174	95.79804	0	0	0.03373	83.25203	6.4883	0	0.00109	6.02179	0.00109	0	0
1	147	23.07769	0	0	0.0831	0	0	0	0	22.99459	0	0	0
1	138	0.30136	0.13660999999999998	0	0.0041600000000000005	0	0.01791	0	0	0.14268	0	0	0
1	23	1.05293	0.00159	0	0	0.12422000000000001	0.02132	0	0	0.78347	0.12232	0	0
1	382	0	0	0	0	0	0	0	0	0	0	0	0
1	477	14.891229999999998	10.32178	0	0	0.24049	0.00117	0	0	3.32429	1.0035	0	0
1	39	0.24155	0.09376	0	0.00158	0.00149	0	0	0.02889	0.11582999999999999	0	0	0
1	48	0.41834	0.045919999999999996	0	0	0.04651	0.00275	0	0.0018600000000000001	0.32131	0	0	0
1	297	5.62165	0	0	0	0.10635	0.97259	0	0.040139999999999995	4.49671	0.00585	0	0
1	302	1.7189299999999998	0.08885	0	0.044969999999999996	0.70439	0	0	0.00259	0.87813	0	0	0
1	311	23.885189999999998	0.28017	1.8446099999999999	5.9999999999999995e-5	9.61709	7.599999999999999e-4	0	0	12.11887	0.02363	0	0
1	332	0.008020000000000001	0	0	0	0	0	0	0.006229999999999999	0.00179	0	0	0
1	340	12.5868	0.18605	0	0	0.05772000000000001	0.00471	10.44519	0	1.8732400000000002	0.01989	0	0
1	279	0.55314	0.07966000000000001	0	0	0.14072	0.02431	0.08678999999999999	0.02733	0.17428	0.02005	0	0
1	273	0.09508	0	0	0	0.07564	0.01176	0	0	0.00505	0.00263	0	0
1	267	0.059520000000000003	0.00634	0	0	0.04079	0.00245	0	0.009940000000000001	0	0	0	0
1	180	0.29941	0.04068	0	0	0	0.12247999999999999	0	0	0.13626	0	0	0
1	132	0.8843	0	0	0.04965	0	0.40873000000000004	0	0	0.42591999999999997	0	0	0
1	135	7.094119999999999	0	0	0	0.88134	0.30959000000000003	0	0	5.90319	0	0	0
1	141	83.60427	0	0	0.01295	77.5576	0.006640000000000001	0	0	5.95699	0.0701	0	0
1	159	20.7351	0	0	0.29901	3.09026	6.25102	0	0	7.18699	3.90781	0	0
1	165	1.29715	0.25397	0	0	0.17883	0.66364	0	0.030189999999999998	0.15304	0.017490000000000002	0	0
1	126	1.08418	0	0	0.02462	0.13	0.17027	0	0.00949	0.7498100000000001	0	0	0
1	144	39.39006	0	0	0	0.64288	38.39067	0	0	0.35652	0	0	0
1	18	82.80108	0	0	0	0.01823	0.01403	0	0	82.76881999999999	0	0	0
1	45	0.08897999999999999	0.00195	0	0	0	0	0	0	0.08703	0	0	0
1	259	11.62653	0	0	0.77533	0	0.58905	0	0	10.26216	0	0	0
1	357	0.08519	0.038919999999999996	0	0	0	2.9e-4	0	0	0.04548	4.2e-4	0	0
1	363	0.01485	0.00499	0	0	0	0	0	0.009859999999999999	0	0	0	0
1	480	4.3093699999999995	3.77631	0	4e-4	0.15825999999999998	0	0	0.26699	0.10740999999999999	0	0	0
1	483	11.63808	0	0	11.63808	0	0	0	0	0	0	0	0
1	488	8.15063	0	0	0.1861	0.07215	0.0071200000000000005	0	0	7.78945	0.0958	0	0
1	492	0.03083	0.00183	0	0	0.0072299999999999994	0.01583	0	0	0.0018899999999999998	0.00406	0	0
1	519	0.09429	0	0	0	0	0	0	0	0.09429	0	0	0
1	522	0.63766	0	0	0	0	0.06777999999999999	0	0	0.51559	0.05429	0	0
1	530	0.00217	0	0	0	0	0	0	0	0.00217	0	0	0
1	534	32.98238	0	0	0.61141	0.01089	0.00386	0	27.263759999999998	5.09246	0	0	0
1	119	6.79352	0.03814	1.4e-4	0.0039299999999999995	0.11298	0.0041600000000000005	0	0.20828000000000002	6.35323	0.07267	0	0
1	65	0.0196	0	0	0	0	0	0	0.0017699999999999999	0.017830000000000002	0	0	0
1	564	11.0878	9.747910000000001	0	0	0	0	0	0	0.8803	0.45958999999999994	0	0
1	171	0.54328	0.29346	0	0	0	0.0374	0	0.02967	0.18275	0	0	0
1	156	0.09521	0.01855	0	0	0.06742999999999999	0	0	0	0.00923	0	0	0
1	305	69.13651	5.4694	0	0	2.95624	0.08897000000000001	0	1.02817	59.5926	0.00114	0	0
1	308	0.24879	0.02327	0	0.00835	0.09348	0.03715	0	0.00763	0.07892	0	0	0
1	150	0.41527	0.14034000000000002	0	0	0.040639999999999996	0.15409	0	0.018330000000000003	0.06187	0	0	0
1	129	1.6636400000000002	0	0	0.04086	0.75088	0.029830000000000002	0	0	0.5784199999999999	0.26365	0	0
1	42	0.17509	2.7e-4	0	0.028460000000000003	0	0.07318	0	0.03468	0.03773	7.599999999999999e-4	0	0
1	25	0.24356	0.01571	0	7.5e-4	0.11490999999999998	0	0	0.01168	0.10052	0	0	0
1	15	41.62983	0	0	0	40.510090000000005	0	0	0.0018100000000000002	1.1179299999999999	0	0	0
1	21	1.75978	0	0	0.0054600000000000004	0.06942000000000001	0.06042	0	0	1.53415	0.09033	0	0
1	437	14.00445	0	0	0	0	3.81661	0	3.98538	6.202459999999999	0	0	0
1	508	17.16674	0.77622	0	0	1.62161	7.79143	0	6.603960000000001	0.37351999999999996	0	0	0
1	533	0.79948	0.07132000000000001	0	0.015369999999999998	0.30946999999999997	0.14632	0	0	0.18617999999999998	0.07082000000000001	0	0
1	558	18.33119	0.07013	0	0.005229999999999999	9.15881	0	0	7.599999999999999e-4	2.49839	6.597860000000001	0	0
1	223	0.35020999999999997	0	0	0	0.19421	0.13509000000000002	0	0	0.020909999999999998	0	0	0
1	122	94.12597	0	0.20656999999999998	0.00229	12.4824	0	0	0	81.4347	0	0	0
1	61	65.63309	2.41623	0	0	62.95626	0.01949	0.05557	0.00658	0.17784	0.0011300000000000001	0	0
1	238	0.00293	0.0018	0	0	0	0	0	0	0.0011300000000000001	0	0	0
1	250	0.24026999999999998	0	0	0.0036799999999999997	0.03358	0.03081	0	0	0.1722	0	0	0
1	253	13.984279999999998	1.90957	0.02731	0.31406999999999996	3.52624	0.79556	0	0	3.1821599999999997	4.229369999999999	0	0
1	334	92.51224	0	0	0.00551	0.03821	0.054779999999999995	0.00534	0	92.4084	0	0	0
1	290	73.94791	0.00735	0	0	73.45263	0.33371999999999996	0	0.09108	0.061270000000000005	0.0018600000000000001	0	0
1	153	3.3503199999999995	0	0	0	0.01102	1.73638	0	0	1.6029200000000001	0	0	0
1	186	0.41795	0	0	0	0	0.22648000000000001	0	0	0.19147	0	0	0
1	80	83.54784000000001	0.01028	0	0	0.12509	0.026950000000000002	0	0.09092	83.28886	0.0057399999999999994	0	0
1	477	0.38605	0	0	0	0.05296	0.02077	0	0.022090000000000002	0.29022	0	0	0
1	531	2.94608	2.3315599999999996	0	0.006659999999999999	0.18891	0.08741	0	0	0.30293000000000003	0.028610000000000003	0	0
1	529	5.29261	4.4333	0	0	0.06321	0.08843	0	0	0.49333999999999995	0.21433000000000002	0	0
1	570	31.58369	0.04179	0	0	0.028689999999999997	0.03644	0	0	31.47533	0.00144	0	0
1	218	20.49896	0.0065	0	0.06348999999999999	8.03722	5.0915	0	0	7.300260000000001	0	0	0
1	237	0	0	0	0	0	0	0	0	0	0	0	0
1	244	5.59983	0	0	0	0	0.33981	0	0.17974	5.08027	0	0	0
1	54	3.3782099999999997	0	0	0	0	1.2221	0	1.13075	0.46051000000000003	0.56485	0	0
1	251	2.85318	0.01415	0	2.68018	0.09967000000000001	0.03564	0	0	0.012740000000000001	0.0108	0	0
1	314	0.20171	0.03904	0	0.019180000000000003	0.01085	0.03628	0	0.00296	0.03759	0.055810000000000005	0	0
1	337	86.78876	0.00337	0	0	0.08437	0.09147999999999999	0	0.02097	86.58704	0.0015199999999999999	0	0
1	256	0.76785	0.00912	0	0	0.11864000000000001	0.0033799999999999998	0	0.08932999999999999	0.54738	0	0	0
1	356	17.78604	0	0	0	13.07743	0	0	2.5635	2.14511	0	0	0
1	376	9.22459	0	0	0	0.62549	0.39444	0.09286	3.2400900000000004	4.8074900000000005	0.06423	0	0
1	379	0.00402	0	0	0	0	0.0036	0	0	4.2e-4	0	0	0
1	542	5.906969999999999	0.36221	0	0	0.46753999999999996	0	0	0.36408	4.71315	0	0	0
1	220	33.11688	10.20502	0	0.0032	11.380939999999999	0.03871	0	0	11.466389999999999	0.02263	0	0
1	225	0.9352600000000001	0	0	0.85155	0.0695	0.00713	0	9.199999999999999e-4	0.0056700000000000006	4.9e-4	0	0
1	227	0.09747	0	0	0.06989	0.00225	0	0	0.00484	0.017490000000000002	0.00301	0	0
1	262	0.00915	0	0	0.0030399999999999997	0	0.00611	0	0	0	0	0	0
1	347	48.40958	0.20765999999999998	0	2.6000000000000003e-4	0.61219	0.9345	0	0.040510000000000004	46.49535	0.058839999999999996	0	0.060270000000000004
1	189	0.14231	0.00275	0	0	0.02915	0.00995	0	0	0.09983	6.3e-4	0	0
1	282	55.8819	5.17711	0	0	20.99938	2.34578	0.00506	0.00656	27.34367	0.00434	0	0
1	28	49.13868	1.6293799999999998	0.0138	0.026139999999999997	0	44.81924	0	0.06631000000000001	1.28692	1.2969	0	0
1	531	0.05538	0	0	0	0.01181	0	0	0.00165	0.04192	0	0	0
1	545	0.31758000000000003	0	0	0	0.15868	0.02034	0	0.05967000000000001	0.07889	0	0	0
1	550	0.22755999999999998	0.09391000000000001	0	0	0.03236	0.08344	0	0	0.01265	0.00519	0	0
1	233	0.0107	0	0	0	3.5e-4	0.00149	0	0	0.00886	0	0	0
1	242	0.00474	0	0	0	0.00125	0	0	0	0.0019399999999999999	0.00156	0	0
1	254	0.14970999999999998	0	0	0.0607	0	0	0	0	0.08901	0	0	0
1	230	0.26505	0	0	0.13555	0.08635	0.02056	0	0.013569999999999999	0.00902	0	0	0
1	222	0.05212000000000001	0.00328	0	0	0.016819999999999998	0.01154	0	0	0.01311	0.007370000000000001	0	0
1	34	73.89751	0.00606	0	0.01619	0.0228	0.02949	0.10162	0.0241	27.039109999999997	46.65814	0	0
2	324	0.04962	0	0	0	0	0.04696	0	0.0013	0.0013599999999999999	0	0	0
2	343	0.2911	0.00618	0	0	0	0	0	0	0.28492	0	0	0
2	257	0.2645	0	0	0.24748	0	0	0	0.01702	0	0	0	0
2	491	2.09363	0.12282	0	0	1.10085	0	0	0.24499	0.62497	0	0	0
2	498	0.03305	0	0	0	0.01848	0	0	0.01457	0	0	0	0
2	526	0	0	0	0	0	0	0	0	0	0	0	0
2	249	0.43348000000000003	0.09688	0	0	0.02537	0.08656	0	0.19209	0.03258	0	0	0
2	319	0.78005	0.27241	0	0	0.06963	0.10317	0	0	0.33269	0.00214	0	0
2	346	1.09186	0.054439999999999995	0	0	0.00899	0.33271999999999996	0	0.03703	0.65155	0.00713	0	0
2	248	0.7049300000000001	0.01885	0	0	0.07386000000000001	0.04506	0	0	0.5443100000000001	0.02286	0	0
2	239	1.77532	0	0	0	0	0	0	1.63097	0.14434	0	0	0
2	340	44.003240000000005	0.25166	0	0	0	29.810509999999997	13.75436	0	0.09052	0.09619	0	0
2	531	0	0	0	0	0	0	0	0	0	0	0	0
2	255	0.47318999999999994	0.015080000000000001	0	0	0.15450999999999998	0.00282	0	0.03333	0.26385	0.00361	0	0
2	530	0.03094	0	0	0	0.01146	0	0	0	0.01949	0	0	0
2	529	0.2037	0	0	0	0.059079999999999994	0	0	0.027010000000000003	0.11760999999999999	0	0	0
2	228	0.36030999999999996	8.300000000000001e-4	0	0	0.13967000000000002	0.01133	0	0	0.0634	0.14508	0	0
2	314	0.86779	0.02077	0	0	0.1698	0.4164	0	0.02503	0.2216	0.0142	0	0
2	259	3.56468	0.0161	0	3.3510199999999997	0.16837	6e-4	0	0.00655	0.017490000000000002	0.00456	0	0
2	549	0.46348	0	0	0	0.18865	0	0	0	0.2005	0.07433	0	0
2	318	14.543920000000002	0	0	0	0.048119999999999996	0.16677	0	14.150929999999999	0.17315999999999998	0.00494	0	0
2	479	0	0	0	0	0	0	0	0	0	0	0	0
2	557	7.199560000000001	4.47542	0	0.0045	0.00998	0.11667000000000001	0	0.005	2.58019	0.007790000000000001	0	0
2	235	0.42996	0	0	0	0.31368	0.07048	0	0	0.03108	0.014730000000000002	0	0
3	327	0.36944	0.02068	0	0	0.0101	0.16072999999999998	0	0.022109999999999998	0.15100999999999998	0.0048200000000000005	0	0
3	243	53.966680000000004	0.00193	0	0.13321	50.97508	0.022959999999999998	0	2.76562	0.06787	0	0	0
3	495	0	0	0	0	0	0	0	0	0	0	0	0
3	327	0.11911	0	0	6.5e-4	0.049319999999999996	0.055060000000000005	0	0	0.01096	0.0031100000000000004	0	0
3	572	8.61288	0	0	0	0.75497	0	0	1.6e-4	7.269360000000001	0.58839	0	0
3	353	8.05975	0	0	0	0	0.07447000000000001	0	0	4.15327	3.832	0	0
4	282	90.73604	28.61875	0	0	33.430609999999994	26.53789	0	0	2.12652	0.02228	0	0
4	545	3.07377	0.08857000000000001	0	0	0.09921	2.87197	0	0	0.0073	0.0067	0	0
4	253	0.44272	0.02219	0	0	0.21893	0.00296	0	6.1e-4	0.1942	0.0038299999999999996	0	0
4	346	0.09491000000000001	0.005379999999999999	0	0	0	0	0	0.006509999999999999	0.08302000000000001	0	0	0
4	508	0.0264	0	0	0	0	0.01505	0	0.011340000000000001	0	0	0	0
4	542	9.77868	0	0	0	0	0	0	0	9.77868	0	0	0
4	220	56.59349	0	0	0	0.00913	0.007509999999999999	0	0.00466	56.57144	7.5e-4	0	0
4	227	0.12644	0	0	0.10992	0	0.011359999999999999	0	0.0043	8.5e-4	0	0	0
4	230	33.621140000000004	5.3e-4	0	0	6.13469	12.254389999999999	0	0	15.23138	1.6e-4	0	0
4	234	0.01823	0	0	0	0	0	0	0.01738	8.5e-4	0	0	0
4	240	0.11372	0	0	0	0.056620000000000004	0.04554	0	0	0.011559999999999999	0	0	0
5	479	0.013669999999999998	0.0012900000000000001	0	0	9.5e-4	0	0	0	0.01144	0	0	0
5	440	11.31379	0	0	0	0	0	0	11.31379	0	0	0	0
5	237	0	0	0	0	0	0	0	0	0	0	0	0
5	218	17.14082	0.00324	0	0	4.69853	0	0	4.357080000000001	0.00773	8.07424	0	0
5	221	84.43863	8.02636	0	0	20.1192	0	0	0	55.00166	1.29141	0	0
5	235	0.9399799999999999	0	0	0	0.55948	0.13773	0	0.07985	0.07725	0.08567000000000001	0	0
5	236	22.4345	0.38943	0	0	3.35645	15.39272	0	2.64475	0.65117	0	0	0
5	243	48.40659	0	0	0	14.822579999999999	24.667270000000002	0	0.01732	8.79769	0.10173	0	0
5	252	0.06951	0	0	0.0010199999999999999	0.00867	0	0	0	0.059829999999999994	0	0	0
5	219	52.611090000000004	0	0	0.14027	49.75974	0.011770000000000001	0	2.6818400000000002	0.017480000000000002	0	0	0
5	250	1.18777	0.04278	0	0.72941	0.15755	0.11949000000000001	0	0	0.13043	0.00812	0	0
5	186	0.31522	0	0	0	0	0.1264	0	0	0.18882000000000002	0	0	0
5	246	0.04381	0	0	0.00673	0.00209	9.199999999999999e-4	0	0	0.011009999999999999	0.02305	0	0
5	318	3.71841	0	0	0	0.06999	0	0	3.3916	0.25682	0	0	0
5	350	20.25468	0	0	0	0	0	0	20.22264	0.03204	0	0	0
5	495	6.00402	4.23685	0	0	0.02052	0.0452	0	0	1.70145	0	0	0
5	316	0.010159999999999999	0	0	0	0.0034	0	0	0	0.0067599999999999995	0	0	0
5	324	2.83258	0.19867	0	0	0	0.0919	0	0	0.23146999999999998	2.31054	0	0
5	189	3.87603	0	0	0.016919999999999998	0.006999999999999999	0.01025	0	3.66094	0.14662999999999998	0.03428	0	0
5	353	3.77461	0.29557	0	0	0.57239	0.02613	0	0	2.82462	0.05591	0	0
5	376	7.39423	0	0	0	0	0	0	0	7.39423	0	0	0
5	530	0.07852	0	0	0.07852	0	0	0	0	0	0	0	0
5	247	0.0933	0	0	0.01123	0	0	0	0	0.08207	0	0	0
5	565	0.027739999999999997	0	0	0	0.003	0	0	0.0011300000000000001	0.02361	0	0	0
5	526	0.27636	0	0	0.26379	0.0077599999999999995	0.00481	0	0	0	0	0	0
5	228	25.61525	0.19498	0	0	9.74301	15.67726	0	0	0	0	0	0
5	231	93.91530999999999	0.01037	0	0.0015199999999999999	54.08472	39.46628	0	0	0.34345	0.00898	0	0
6	257	0.77148	0.11710999999999999	0	0.23474	0.24511	0.06175	0	0.033839999999999995	0.05669	0.02223	0	0
6	549	4.47274	0	0	4.46788	0.0018899999999999998	0	0	0	0.0012900000000000001	0.00168	0	0
6	571	12.94914	10.08874	0	0.00364	0.0606	0.24139000000000002	0.00228	0.01596	2.53045	0.00609	0	0
6	327	0.12308	0	0	0.01215	0.00692	0.00908	0	0.0018800000000000002	0.060329999999999995	0.03273	0	0
6	262	2.25349	0	0	2.09632	0	0	0	0	0.15718	0	0	0
6	498	2.87583	0.9724799999999999	0	0	0	0	0	0	1.90335	0	0	0
6	255	0.1258	0	0	0	0	0.00463	0	0	0.12117	0	0	0
6	347	0.65098	0	0	0.60806	0.00792	0	0	0	0.03499	0	0	0
6	350	8.3098	5.94046	0	0	0.02375	0.050789999999999995	0	0	2.27888	0.01591	0	0
7	343	23.75437	0.28541	0	0.5865100000000001	0.29716	0.24194000000000002	0.19774	0.09001	22.03624	0.01937	0	0
7	305	0.03356	0	0	0	0	0.030430000000000002	0	0.00313	0	0	0	0
7	308	0.0049	0	0	0.0049	0	0	0	0	0	0	0	0
7	248	2.11527	0	0	0	0.9424899999999999	0.35428000000000004	0	0	0.8185	0	0	0
8	223	51.2955	0.006690000000000001	0	0.20876999999999998	22.58344	4.07135	0	0	5.80536	18.619889999999998	0	0
8	248	1.60901	1.14505	0	0	0	0.00303	0	0	0.46093	0	0	0
9	282	72.86278	0.08281000000000001	0	0.14401	32.94746	35.34425	0.01455	0.01762	3.46567	0.8464	0	0
9	245	15.95951	0.02828	0	2.3999999999999998e-4	0.06279	0.08162	0	0	15.78385	0.0027199999999999998	0	0
9	356	38.39755	0.16818	0	0	9.31685	28.890659999999997	0	0	0.007540000000000001	0.01432	0	0
9	45	91.2516	0	0	8.07635	20.65755	4.01192	0	0	14.88185	43.62393	0	0
9	350	66.57768	0	0	0.00117	0.18557	0.09042	0	0	66.30051999999999	0	0	0
10	549	0.01425	0	0	0	0.00485	0	0	0.0021899999999999997	0.007209999999999999	0	0	0
10	162	89.7029	0.03345	0	0.0018800000000000002	0.12882000000000002	0.00264	0	0.01376	89.52235	0	0	0
10	353	0.14549	0	0	0.11919	0.0263	0	0	0	0	0	0	0
10	186	17.02731	0.0533	0	0.0041	0	0.006529999999999999	0	0	16.963379999999997	0	0	0
10	138	0.01291	0.01291	0	0	0	0	0	0	0	0	0	0
11	347	0.09162000000000001	0	0	0.07562	1.8e-4	0	8.900000000000001e-4	0	0.01493	0	0	0
11	153	88.70854	0	0	0	9.34179	77.38831	0	0.21572	0.7571100000000001	1.0056100000000001	0	0
11	156	79.78924	0.0035399999999999997	0	0	0.06195	0	0	79.72359	1.6e-4	0	0	0
11	305	1.33261	0	0	0.04072	0.5301600000000001	0.09269	0	0	0.51539	0.15365	0	0
11	147	0.24448000000000003	1.5e-4	0	0.0121	0.06088	0.013269999999999999	0	0	0.09389	0.0642	0	0
11	498	0.02019	0	0	0	0.0016600000000000002	0	0	0	0.01853	0	0	0
11	542	0.11005	0	0	0	0.00728	0	0	0	0.09636	0.006409999999999999	0	0
11	230	2.1749	0	0	0	0.9616899999999999	1.1165100000000001	0	0	0.0967	0	0	0
11	526	0.014969999999999999	0	0	0	0.014969999999999999	0	0	0	0	0	0	0
11	245	12.502939999999999	0	0	0	0	12.36422	0	0	0.13872	0	0	0
12	317	72.047	0.07153999999999999	0	0	0.07393999999999999	71.49955	0	0.028489999999999998	0.37346999999999997	0	0	0
12	249	24.09455	0.05018	0	0	0.03195	23.75903	0	0	0.24461999999999998	0.00877	0	0
12	135	0.28031	0.10902	0	0	0.0488	0.06051	0	0	0.058429999999999996	0.0035600000000000002	0	0
12	305	1.45354	0	0	0.006999999999999999	0.44431000000000004	0.006809999999999999	0	0	0.99541	0	0	0
12	376	0.31098000000000003	0	0	0	0	0	0	0	0.31098000000000003	0	0	0
12	219	0.45438	0.01661	0	0	0.1588	0.11337	0	0	0.16089	0.00471	0	0
12	257	0.8745200000000001	0.05722000000000001	0	0.064	0.26675	0.1583	0	0.010490000000000001	0.30094	0.016819999999999998	0	0
12	256	0.16427	0.006529999999999999	0	0.09675	0.060989999999999996	0	0	0	0	0	0	0
12	216	7.06378	0	0	0.33853	0.0194	6.64827	0	0.028710000000000003	0.02887	0	0	0
12	293	14.12074	0.02914	0	0.03085	0.06238	0.00507	0	0	13.850179999999998	0.14313	0	0
12	262	1.30167	0.69612	0	0.1619	0.08625	0.022619999999999998	0	0	0.33478	0	0	0
12	337	85.88748000000001	0.00583	0	0	0.12068	0.00913	0	0.023569999999999997	85.71314	0.01514	0	0
12	319	2.40721	0.01883	0	0.74023	0.11092	0.54345	0	0.06608	0.92399	0.0037	0	0
12	141	87.55856	0	0	0	18.90983	0.06998	0	10.65518	57.92354	2.9999999999999997e-5	0	0
13	285	32.01984	0.05014	0	0.0201	0.04678	0	0	8.699999999999999e-4	31.90195	0	0	0
13	285	89.36525	1.6999999999999999e-4	0	0.0096	0.14490999999999998	0.0972	0	0	89.11339	0	0	0
13	308	27.07688	0.00233	0	26.4442	0.02949	0.20343	0.00103	0.09241	0.14235	0.16164	0	0
13	42	0.58622	0	0	0	0.13812	0.07202	0	0.15564	0.22044	0	0	0
13	353	74.88163	0.028339999999999997	0	0.00462	59.66016	0.11369000000000001	0	0.00642	11.61225	3.45614	0	0
13	252	0.04743	0.01154	0	0.00446	0	0	0	0	0.03143	0	0	0
13	491	3.77561	0	0	0.019030000000000002	0.02646	0.0357	0	0.00448	3.68994	0	0	0
13	132	58.790490000000005	0.0601	0	12.85512	0.14862999999999998	0.18119000000000002	0	0.00233	45.54313	0	0	0
13	360	4.2284	0	0	0.00146	3.9576800000000003	0	0	0	0.26926	0	0	0
14	357	80.09428	0.06506	0	0	72.83168	3.04664	0	0.06559	0.88351	3.20181	0	0
14	126	5.36113	0	0.10642	0	1.67039	0.49382	0	0.03947	3.05104	0	0	0
14	250	0.06573	0	0	0.06187	0	0	0	0.00386	0	0	0	0
14	290	93.84397	0	0	0	48.11752	40.681059999999995	0	0.01872	0.59077	4.4359	0	0
14	220	37.48189	21.94717	0	0.00103	9.59302	0.04445	0	0.09642	5.60992	0.00895	0.18092	0
14	81	6.23163	0	0	5.71632	0.21006	0	0	0	0.30525	0	0	0
14	242	1.9089099999999999	0	0	0.59233	1.02346	0.18972999999999998	0	0.01012	0.0831	0.01017	0	0
14	319	0.63637	0	0	0.14590999999999998	0.05961	0.07939	0	0	0.35146	0	0	0
14	85	76.58076	39.78812	0	3.2e-4	16.47393	6.18372	9.74649	0	4.38561	0.00257	0	0
14	236	8.277999999999999	0	0	0.32964	0.05595	7.713260000000001	0	0.05279	0.12003	0.00632	0	0
14	235	31.159390000000002	0	0	0.5484899999999999	0	0.00576	0	25.13853	5.46211	0.00441	0	0
14	479	0.06081	0	0	0	0.02309	0.01254	0	0	0.01598	0.0092	0	0
15	522	26.78336	0	0	0	0.014469999999999998	0	0	0.06327	24.56758	2.13803	0	0
15	74	0	0	0	0	0	0	0	0	0	0	0	0
15	248	30.967159999999996	0	0	0	0	14.15528	0	0	16.81188	0	0	0
15	249	41.9842	0.23997	0	0.04206	0	15.870870000000002	0	0.05619	25.7731	0.00201	0	0
15	218	46.86752	0.012980000000000002	0	0	13.724779999999999	24.6294	0	0	8.268419999999999	0.23193000000000003	0	0
16	327	36.15273	34.44983	0	0.18381	1.1e-4	0	0	1.41021	0.10878	0	0	0
16	327	10.11207	8.91055	0	0.23471999999999998	0.00443	0.18977	0	0.60356	0.16562000000000002	0.0034200000000000003	0	0
16	253	81.55624	0	0	81.45685999999999	0.07568	0.0103	0	0.00604	0.0067	6.7e-4	0	0
16	340	47.57219	1.5003	0	0	0.0028399999999999996	43.16672	0.0048200000000000005	0.018580000000000003	2.87894	0	0	0
16	232	13.751610000000001	0	0	0	0.05019	13.69014	0	0	0.0050799999999999994	0.0062	0	0
16	314	0.2454	0.0038200000000000005	0	0	0	0.00355	0	0	0.23803000000000002	0	0	0
16	343	0.04912	0	0	0.01905	0.0015400000000000001	3.5e-4	0	0.01039	0.0178	0	0	0
16	233	23.62014	14.79181	0	0	4.47666	0	0	0.08768	4.192819999999999	0	0.07117000000000001	0
17	318	42.41805	4.9e-4	0	0.026010000000000002	0.17369	0.07703	0	41.80805	0.32153000000000004	0.01125	0	0
17	180	12.08225	0	0	0	0.06742999999999999	1.35589	0	0.0032700000000000003	10.65565	0	0	0
17	293	0.14659	0	0	0	0.019540000000000002	0.12479000000000001	0	6.6e-4	0.0016	0	0	0
17	267	0.08437	0	0	0	0.008579999999999999	0	0	0	0.0758	0	0	0
17	222	0.06702999999999999	0	0	0	0.042089999999999995	0.02065	0	0	0.0031100000000000004	0.00119	0	0
17	54	64.97901999999999	0	0	0.004070000000000001	29.7652	35.00043	0	0	0.20786	0.00146	0	0
18	290	5.59865	0	0	0.05275	0.11689000000000001	0.051460000000000006	0	5.35404	0.02351	0	0	0
18	533	0.00732	0	0	0	0.0017100000000000001	0	0	0	0.00526	3.5e-4	0	0
18	537	0.13214	0.01317	0	0	0.044660000000000005	0	0	0	0.07103	0.00329	0	0
18	48	91.28822	0	0	0.00109	0	0.14556	0	0	91.14158	0	0	0
18	534	0.26359	0.22981	0	0	0.00935	0	0	0	0.024419999999999997	0	0	0
18	557	14.958089999999999	0.00609	0	0	3.01593	0.02213	0	0.02572	2.94745	8.940760000000001	0	0
19	65	37.0818	0.037860000000000005	0	0.67	0.22815	0.00995	0	19.09114	17.04469	0	0	0
19	135	87.05196	0.00133	0	0	0	87.02231	0	0.02833	0	0	0	0
19	302	1.4339	0.0159	0	0	0	0	0	0	1.41583	0.00217	0	0
19	71	48.51153	21.02192	0	0.27447	0.17363	0.30671	0.013330000000000002	0.14657	26.56573	0.009170000000000001	0	0
19	239	1.05846	0	0	0.99711	0	0	0	0	0.06135	0	0	0
19	240	0.14074	0	0	0.09246	0	0.045610000000000005	0	0	0.00268	0	0	0
19	51	98.26728	0.07232999999999999	0	8.6e-4	82.34458000000001	0.00216	6e-4	1.23611	2.30397	12.30666	0	0
20	477	16.79873	0.001	0	0	4.259519999999999	0.02374	0	0.06473999999999999	12.43539	0.01434	0	0
20	58	8.55142	0.00685	0	8.50592	0.02812	0.0049	0	0	0.0036299999999999995	0.00201	0	0
20	550	6.48276	1.85953	0	0	1.8e-4	0.0256	0	0.01245	2.78392	1.8010700000000002	0	0
20	551	0.54614	0	0	0.34151	0.00251	0	0	0.18237	0.018680000000000002	0.00107	0	0
20	61	93.48454	10.67217	0	0.005379999999999999	82.47851	0	0	0.26507	0.06341000000000001	0	0	0
20	279	90.64881	0.0258	3.7999999999999997e-4	3.1551400000000003	30.096629999999998	4.5607	0	0	13.411079999999998	39.39909	0	0
20	477	42.763690000000004	0	0	0	13.33477	0	0	0	29.37568	0.053239999999999996	0	0
20	243	0.08695	0	0	0.08695	0	0	0	0	0	0	0	0
20	31	0.04897	0	0	0.0024100000000000002	0	0.00292	0	0	0.04364	0	0	0
20	279	7.38143	0	0	0.0016300000000000002	0.10359000000000002	0.00589	0	0.014580000000000001	7.25575	0	0	0
20	531	22.4293	0	0	0	0.02478	0	0	0.00265	22.39278	0.00909	0	0
21	39	0.00797	0	0	0	0	0.001	0	0.0036799999999999997	0.00328	0	0	0
21	25	4.30171	0	0	0.6769	2.68909	0	0	0	0.52493	0.41079	0	0
21	382	0	0	0	0	0	0	0	0	0	0	0	0
21	382	87.74807	40.75188	0	0	14.01521	30.164070000000002	0	0	2.81236	0.00454	0	0
22	231	0.14661	0.01761	0	0	0	0.01889	0	0	0.10665999999999999	0.00346	0	0
22	270	77.23512	0.00248	0	0.10016	0.31535	72.01261	0	0.22298	4.5445	0.03702	0	0
23	334	11.98398	0.00939	0	0.00564	0.13817000000000002	0	0	11.79237	0.031310000000000004	0.007109999999999999	0	0
24	379	10.22589	0	0	0	0	8.20209	0	0.014209999999999999	0.00908	2.00052	0	0
24	496	39.18848	0	0	0	39.17844	0.0015	0	0.006220000000000001	0.00232	0	0	0
24	237	3.6510000000000002	0.22975	0	0	0.70468	0.0098	0	0	1.47141	1.23536	0	0
24	21	0.11438	0	0	0.10287	0.0057399999999999994	0	0	0	0.00577	0	0	0
