weeks	Methanobacteriaceae	Actinomycetaceae	Bifidobacteriaceae	Candidatus_Nanopelagicaceae	Corynebacteriaceae	Corynebacteriales_unclassified	Mycobacteriaceae	Nocardiaceae	Dermabacteraceae	Dermacoccaceae	Microbacteriaceae	Micrococcaceae	Micrococcales_unclassified	Propionibacteriaceae	Atopobiaceae	Coriobacteriaceae	Eggerthellaceae	Bacteroidetes_unclassified	Bacteroidaceae	Barnesiellaceae	Dysgonamonadaceae	Odoribacteraceae	Porphyromonadaceae	Prevotellaceae	Rikenellaceae	Tannerellaceae	Chitinophagaceae	Flavobacteriaceae	Candidatus_Gastranaerophilales_unclassified	Chlamydiaceae	Alicyclobacillaceae	Bacillaceae	Bacillales_unclassified	Listeriaceae	Paenibacillaceae	Staphylococcaceae	Aerococcaceae	Carnobacteriaceae	Enterococcaceae	Lactobacillaceae	Leuconostocaceae	Streptococcaceae	Catabacteriaceae	Christensenellaceae	Clostridiaceae	Clostridiales_Family_XIII_Incertae_Sedis	Clostridiales_unclassified	Eubacteriaceae	Lachnospiraceae	Oscillospiraceae	Peptococcaceae	Peptostreptococcaceae	Ruminococcaceae	Erysipelotrichaceae	Firmicutes_unclassified	Acidaminococcaceae	Selenomonadaceae	Veillonellaceae	Peptoniphilaceae	Tissierellia_unclassified	Fusobacteriaceae	Leptotrichiaceae	Brucellaceae	Rhizobiaceae	Rhodobacteraceae	Rhodospirillales_unclassified	Sphingomonadaceae	Alcaligenaceae	Burkholderiaceae	Comamonadaceae	Oxalobacteraceae	Sutterellaceae	Chromobacteriaceae	Neisseriaceae	Desulfovibrionaceae	Campylobacteraceae	Succinivibrionaceae	Idiomarinaceae	Pseudoalteromonadaceae	Cardiobacteriaceae	Enterobacterales_unclassified	Enterobacteriaceae	Erwiniaceae	Hafniaceae	Morganellaceae	Pectobacteriaceae	Yersiniaceae	Halomonadaceae	Pasteurellaceae	Moraxellaceae	Pseudomonadaceae	Vibrionaceae	Xanthomonadaceae	Proteobacteria_unclassified	Spirochaetaceae	Synergistaceae	Mycoplasmataceae	Akkermansiaceae	Debaryomycetaceae	Saccharomycetaceae	Malasseziaceae	Cryptococcaceae
1	0	0.0018800000000000002	0.4201	0	0.00264	0	0	0	0.00202	0	0	0.03528	0	0.028560000000000002	0	0.01237	0.00477	0	1.1854200000000001	0	0	0	0	0	0	0.00107	0	0	0	0	0	0	0.0021	0	0	96.99953000000001	0	0	0.07549	7.9e-4	3.6e-4	0.058710000000000005	0	0	0.01793	0	0	1.3000000000000002e-4	0.00128	0	0	0	0.31703000000000003	0.01871	0	0	0	0.00856	0	0	0	0	0	0	0	0	0	0	0	0	0	0	0	0	0	0	0	0	0	0	0	0.75941	0	0	0	0	0	0.030119999999999997	0	0	0	0.01574	0	0	0	0	0	0	0	0	0	0
1	0	0	0.25688	0	0	0	0	0.007659999999999999	0	0	0	0	0	0.01475	0	0.00159	2e-4	0	0	0	0	0	0	0	0	0	0	0	0	0	0	0	0.00251	0	0	20.975720000000003	0	0	78.27866	0	0	0.02817	0	0	0.030080000000000003	0	0	0	0.08567000000000001	0	0	0	0.012209999999999999	0.01043	0	0	0	0.08512	0	0	0	0	0	0	0	0	0	0	0	0	0	0	0	0	0	0	0	0	3.5e-4	0	0	0.05464	1.1e-4	0	0	0	0	0.09548999999999999	0.00317	6.799999999999999e-4	0	0.0517	0	0	0	0	0	0.00419	0	0	0	0
1	0	0.01905	1.0135100000000001	0	0	0	0	0	0	0	0	0.00126	0	0.00187	0	0.05149	9.9e-4	0	0.07551000000000001	0	0	0	0	0	0	0.00293	0	0	0	0	0	0	0.00139	0	0	49.0416	0	0	0.10822999999999999	0	0	48.8917	0	0	0.04013	0	0	0	0.18189	0	0	0	0.027780000000000003	0.05106	0	0	0	0.08778	0	0	0	0	0	0	0	0	0	0	0	0	0	0	0	0	0	0	0	0	1e-4	0	0	0.3127	0	0	0	0	0	0.04168	0.007790000000000001	0.0021	0	0.03745	0	0	0	0	0	0	0	0	0	0
1	0	0.02657	95.79876999999999	0	0	0	0	0	0	0	0	0.03345	0	9.1e-4	0	0.0074	0	0	0.02119	0	0	0	0	0	0.0016	0	0	0	0	0	0	0	0	0	0	0.015080000000000001	0	0	0.006220000000000001	0.00121	0	0.02973	0	0	0.0013	0	0	0	1.8e-4	0	0	0	0.00436	0	0	0	0	1.7763799999999998	0	0	0	0	0	0	0.00307	0	0	0	0	0	0	0	0	0	0	0	0	0	0	0	0	2.25336	0	0	0	0	0	0	0.01755	0	0	0	0	0	0	0	0	0.0016699999999999998	0	0	0	0
1	0	0	23.07769	0	0	0	0	0	0	0	0	0	0	0	0	0	0.035539999999999995	0	0	0	0	0	0	0	0	0.30669	0	0	0	0	0	0	0	0	0	5.34514	0	0	12.079180000000001	0	0.31529	3.08224	0	0	3.3079199999999997	0	0	0	12.958169999999999	0	0	0	0.37488	1.47604	0	0	0	6.04344	0	0	0	0	0	0	0	0	0	0	0	0	0	0	0	0	0	0	0	0	0.00946	0	0	8.0072	0	0	0	0	0	12.075560000000001	0	1.2798100000000001	0.07165	8.15837	0.25884	0	0	0	0	1.73688	0	0	0	0
1	0	0	0.30136	0	0	0	0	0	0	0	0	0	0	0.01431	0	0	0	0	0	0	0	0	0	0	0	0.00266	0	0	0	0	0.00331	0	0.00158	0	0	94.28177	0	0	0.93624	0.00486	0.041760000000000005	0.30888000000000004	0	0	0.00302	0	0	0	0.055760000000000004	0	0	0.00607	0.13571	0.16496	0	0	0	0.48095	0	0	0	0	0	0	0	0	0	0	0.00248	0	0	0	0	0	0	0	0	0	0.0317	0	0	0.39015	7.700000000000001e-4	0	0	0	0	1.57388	0.01493	0.044969999999999996	0.00351	1.13134	0.04272	0	0	0	0	0.02035	0	0	0	0
1	0	0	0.24176	0	0	0	0	0	0	0	0	5.4e-4	0	0.03182	0	0	0	0	0.08474	0	0	0	0	0.005679999999999999	0	0.03924	0	0	0	0	2.2999999999999998e-4	0	0.0057	0	0	97.78206	0	0	0.0761	0.02016	0.006229999999999999	0.0461	0	0	0.00198	0	0	0	0.11886	0	0	0	0.00176	0.00251	0	0	0	0.08594	0	0	0	0	0	0	0	0	0	0	8.5e-4	0	0	0	0	0	0	0	0	4.5999999999999996e-4	0.01319	0	0	0.35089000000000004	0.00324	0	0	1e-4	0	0.57865	0	0.01151	0.0016699999999999998	0.41334	0.01615	0	0	0	0	0.05853	0	0	0	0
1	0	0.0011300000000000001	0.41834	0	0	0	0	0	0	0	0	0	0	0.00598	0	0.06825	0	0	0.016390000000000002	0	0	0	0	0.0019100000000000002	0	0.013859999999999999	0	0	0	0	0	0	0	0	0	98.664	0	0	0.04554	0.01755	0.00257	0.022690000000000002	0	0	0	0	0	0	0.08154	0	0	0	0	0	0	0	0	0.08821	0	0	0	0	0	0	0	0	0	0	0	0	0	0	0	0	0	0	0	0	0.00298	0	0	0.26735	4e-4	0	0	0	0	0.14490999999999998	0	0.00775	7.2e-4	0.12082999999999999	0.00337	0	0	0	0	0.00373	0	0	0	0
1	0	0	0.55314	0	0.01311	0	0	0.00242	0	0	0	0	0	0.00387	0	0.05777	0	0	0.0861	0	0	0	0	0	0	0.0057399999999999994	0	0	0	0	0	0	0.00912	0	0	98.64102	0	0	0.24141999999999997	0.00144	0	0.016640000000000002	0	0	0	0	0	2.9999999999999997e-5	0.044410000000000005	0	0	0	0.030260000000000002	0.01065	0	0	0	0.004370000000000001	0	0	0	0	0	0	0	0	0	0	0	0.003	0	0	0	0	0	0	0	0	0.0020399999999999997	0	0	0.08534	0	0	0	0	0	0.1121	0	0	0	0.07495	4.3e-4	0	0	0	0	6.4e-4	0	0	0	0
1	0	0	0.09508	0	0	0	0	0	0	0	0	0	0	0.02696	0	0	0	0	0.0079	0	0.00328	0	0	0	0.00266	0	0	0	0	0	0	0	0	0	0	0.00987	0	0	5.099999999999999e-4	0	0	0.00381	0	0	13.074760000000001	0	0	0	0.00799	0	0	0	0.01851	0	7e-4	0	0	11.38841	0	0	0	0	0	0	0.00707	0	0	0	0	0	0	0	0	0	0	0	0	0	0	0	0	75.35011999999999	0	0	0	0	0	0	0	0	0	0	0	0	0	0	0	0.0022600000000000003	0	0	5.9999999999999995e-5	0
1	0	0	0.059520000000000003	0	0.00245	0	0	0	0	0	0	0.01409	0	0.011590000000000001	0	0.00448	0	0	0.06444	0	0	0	0	0	0	0.04096	0	0	0	0	0	0	0	0	0	0.40957	0	0	2.03884	0	0	0.06023	0	0	0.18943	0	0.0017800000000000001	0	1.5e-4	0	0	0	0.01284	0	0	0.0030600000000000002	0	0.036680000000000004	0	0	0	0	0	0	0	0	0	0	0	0	0	0	0	0	0	0	0	0	0	0	0	84.10701	0	0	0	0	12.93913	0	0	0	0	0	0	0	0	0	0	0.00374	0	0	0	0
1	0	0	0.29941	0	0	0	0	0	0	0	0	0.0476	0	0.0038299999999999996	0	0	0	0	3.9e-4	0	0	0	0	0	0	0.0013	0	0	0	0	0	0	0.23947	0	0	2.47836	0	0	0.39985	0.051789999999999996	0.00266	31.54565	0	0	0.00294	0	0	0	0.0034799999999999996	0	0	0	0.0059700000000000005	0.00243	5.3e-4	0	0	61.952130000000004	0	0	0	0	0	0	0	0	0	0	0	0	0	0	0	0.15519000000000002	0	0	0	0	0	0	0	0.0109	0	0	0	0	0	0.00748	2.75375	0.00123	0	0.0071400000000000005	0	0	0	0	0	0.00525	0.02125	0	0	0
1	0	0	0.8843	0	0	0	0	0	0	0	0	5.906680000000001	0	0	0	0	0.00545	0	0	0	0	0	0	0	0	0.00465	0	0	0	0	0	0	2.0449900000000003	0	0	85.11725	0	0	0.4874	0.17532999999999999	0	3.22931	0	0	0	0	0	0	0.08837	0	0	0.89099	0.22175999999999998	0.00564	0	0	0	0.30839	0	0	0	0	0	0	0	0	0	0	0	0	0	0	0	0.011890000000000001	0	0	0	0	0	0	0	0.08467999999999999	0	0	0	0	0	0.27019	0.02504	0	0	0.1795	0	0	0	0	0	0	0.0582	0	0	0
1	0	0	7.094119999999999	0.24916	0	0	0	0.29023000000000004	0	0	0.70935	0.06803	0	5.9574	0	1.60782	0	0	2.93898	0	0	0	0	0	0	0	0.49963	0	0	0	0.26855	0	0	0	0	0.013269999999999999	0	0	2.8471599999999997	0	3.94305	12.15773	0	0	0	0	0	0	3.76924	0	0	0	0	0	0	0	0	0.56445	0	0	0	0	0	0	0.04844	0	0	0	0.04575	0.39176	0	0	0	0	0	0	0	0	0	0	0	12.17807	0.23588	0	0	0	0.42141000000000006	16.738	0	9.229410000000001	0.39034	15.80724	1.1186399999999999	0	0	0	0	0.16225	0.15200999999999998	0	0	0
1	0	0	20.7351	0	1.77059	0	0	0	0	0	0	0	0	0	0	0	0.1962	0	2.24965	0	0	0	0	0	0	0.04397	0	0	0	0	0	0	0.06282	0	0	53.81624	0	0	6.69717	1.61449	0	1.6226399999999999	0	0	0.23495	0	0	0	2.76993	0	0	0	0.35653	0.4107	0	0	0	3.63199	0.10994000000000001	0	0	0	0	0	0	0	0	0	0	0	0	0	0	0	0	0	0	0	0	0	0	1.75195	0	0	0	0	0	0.38434	0.13029000000000002	0	0	0.40558	0	0	0	0	0	0.27244	0.73251	0	0	0
1	0	0.00774	1.08418	0	0	0	0	0	0	0	0	0.00409	0	0	0	0	0.00318	0	0.07566	0	0	0	0	0.01611	0	0	0	0	0	0	0	0	0.015780000000000002	0	0	0.72145	0	0	1.83932	0.0036899999999999997	0	0.21294000000000002	0	0	0.09351	0	0	0	0.05964	0	0	5.200000000000001e-4	0.00798	0.00589	0	0	0	0.00105	0	0	0	0	0	0	0	0	0	0	0	0	0	0	0	0	0	0	0	0	0	0	0	95.82426	0	0	0	0	0	0.01526	0	0	0	0.00774	0	0	0	0	0	0	0	0	0	0
1	0	0	0.08897999999999999	0	0.00367	0	0	0	0	0	0	0.17085	0	0	0	0	0	0	0	0	0	0	0	0	0	0	0	0	0	0	0	0	0.06034	0	0	0.14722000000000002	0	0	20.36792	0	0	0.24159	0	0	0.29635	0	2.2e-4	0	3.03035	0	0	3.45775	0.02646	6.07487	0	0	0	0.0814	0.00389	0	0	0	0	0	0	0	0	0	0	0	0	0	0	0	0	0	0	0	0	0	0	65.94005	0	0	0	0	0	0.004370000000000001	4.5e-4	0	0	0.00292	0	0	0	0	0	3.3e-4	0	0	0	0
1	0	0	11.62653	0	0	0	0	0	0	0	0	0.00731	0	0.32587	0	0	0.25561999999999996	0	0.0224	0	0	0	0	0	0	0.08932999999999999	0	0	0	0	0	0	0	0	0	25.45039	0	0	0	0	0.11734000000000001	1.51118	0	0	0.49945	0	0	0	5.22312	0	0	0	3.29989	0.11215	0	0	0	3.02928	0	0	0	0	0	0	0	0	0	0	0	0	0	0	0	0	0	0	0	0	0.2924	0	0	10.35833	0	0	0	0	0	20.26274	0	0.43328999999999995	0.04495	15.975270000000002	0.0608	0	0	0	0	1.0023799999999998	0	0	0	0
1	0	0	0.00217	0	0	0	0	0	0	0	0	0	0	4.1e-4	0	0	0	0	0	0	0	0	0	0	0	5e-4	0	0	0	0	0	0	0	0	0	99.89517	0	0	0	0	0	0	0	0	0	0	0	0	0	0	0	0	3.6e-4	0	0	0	0	0.006409999999999999	0	0	0	0	0	0	0	0	0	0	0	0	0	0	0	0	0	0	0	0	0	0	0	0.09497	0	0	0	0	0	0	0	0	0	0	0	0	0	0	0	0	0	0	0	0
1	0	0	0.09521	0	0	0	0	0	0	0	0	0.02029	0	0	0	0	0	0	0.00214	0	0	0	0	0	0	6.4e-4	0	0	0	0	0	0	0.00983	0	0	3.3026400000000002	0	0	96.14336999999999	0	0	0.19831	0	0	0	0	0	0	0.01366	0	0	0	0.00278	0.00317	0	0	0	0.03294	0	0	9.5e-4	0	0	0	0	0	0	0	0	0	0	0	0	0	0	0	0	0	0	0	0	0.15691	0	0	0	0	0	0.01108	6.1e-4	0	0	0.00298	0	0	0	0	0	0.00249	0	0	0	0
1	0	0	0.41527	0	0	0	0	0	0	0	0	0.00863	0	0	0	0.06391000000000001	0.00218	0	0.32964	0	0	0	0	0	0	0.00719	0	0	0	0	0	0	0	0	0	0.22438000000000002	0	0	0.56145	8.4e-4	0	0.0061	0	0	0.09402999999999999	0	0	0	0.096	0	0	0	0.030719999999999997	0.00703	0	0	0	0	0	0	0	0	0	0	0	0	0	0	0	0	0	0	0	0	0	0	0	0	0	0	0	98.08366	0	0	0	0	0	0.0027300000000000002	0	0	0	0.00229	0	0	0	0	0	0.06395	0	0	0	0
1	0	0	17.16674	0	0	0	0	0	0	0	0	0	0	0.12917	0	0	0	0	33.63877	0	0	0.05319	0	0	13.91092	1.37402	0	0	0	0	0	0	0	0	0	0.57719	0	0	0	0	0	0.41678999999999994	0	0	0	0	0	0.2101	2.60771	0	0	0	10.618160000000001	0	0.40119	0	0	1.1132600000000001	0	0	0	0	0	0	0	0	0	0	0	0	0	0.18472	0	0	0.24986	0	0	0	0	0	0	11.55359	0	0	0	0	0	0	0	0	0	0	0	0	0	0	0	5.7946	0	0	0	0
1	0	0	0.35020999999999997	0	0.21495	0	0	0	0	0.02334	0	0.00259	0	0.31805	0	0	0	0	0	0	0	0	0	0	0	0	0	0	0	0	0	0	0	0	0	0.10404000000000001	0	0	0.20644	0.013819999999999999	0	0	0	0	0.04364	0	0	0	0	0	0	0	0	0	0	0	0	6.37489	0	0	0	0	0	0	0	0	0	0	0	0	0	0	0	0	0	0	0	0	0	0	0	92.34461	0	0	0	0	0	0	0.0028	0	6.2e-4	0	0	0	0	0	0	0	0	0	0	0
1	0	0	0.00293	0	0	0	0	0	0	0	0	0	0	0.00807	0	0	0.0973	0	0	0	0	0	0	0	1.6e-4	0	0	0	0	0	0	0	0	0	0	0	0	0	0.01063	0	0	2.7e-4	0	0	0.56377	0	0.00775	0	0.80064	0	0	0	1.7099900000000001	0.12212	0.03834	0	0	0.00345	0	0	0	0	0	0	0	0	0	0	0	0	0	0	0	0	0	0	0	0	0	0	0	96.63422	0	0	0	0	0	0	3.7e-4	0	0	0	0	0	0	0	0	0	0	0	0	0
1	0	0	3.3503199999999995	0	0.12872999999999998	0	0	0	0	0	0	0.02165	0	0.08033	0	0	0.0025	0	0	0	0	0	0	0	0	0.01319	0	0	0	0	0.00147	0	0.18135	0	0	83.10524000000001	0	0	2.46644	0.59455	0.01904	1.56744	0	0	0.6067600000000001	0	0	0	0	0	0	0	0	0	0.007390000000000001	0	0	0.91453	0	0	0	0	0	0	0	0	0	0	0.007540000000000001	0	0	0	0	0	0	0	0	0	0.033710000000000004	0	0	2.15204	0	0	0	0	0	2.81382	0.06012000000000001	0.027360000000000002	0.00632	1.5135399999999999	0.03998	0	0	0	0	0	0.28465	0	0	0
1	0	0	0.41795	0	0	0	0	0	0	0	0	0.0011	0	0.0065	0	0	0	0	0	0	0	0	0	0	0	0.00248	0	0	0	0	0	0	0	0	0	2.04317	0	0	0.44135	69.68498000000001	0.00196	0.08292000000000001	0	0	0.007509999999999999	0	0	0	0.01898	0	0	0	0	0.0018600000000000001	0.00101	0	0	0.13871	0	0	0.00294	0	0	0	0	0	0	0	0	0	0	0	0	0	0	0	0	0	0.00281	0	0	0.19262	0	0	0	0	0	0.17323	0.005	0.007690000000000001	0	0.15317999999999998	0.00148	0	0	0	0	0	26.610559999999996	0	0	0
1	0	0.03787	83.54868	0	0	0	0	0	0	0	0	0.00364	0	0	0	0.00479	0	0	0.0134	0	0	0	0	0	0	0	0	0	0	0	0	0	8.4e-4	0	0	0.20885	0	0	7.701060000000001	1.4e-4	0	0.02538	0	0	0.0728	0	0	0.40981000000000006	0.02636	0	0	0	0	0	0	0	0	0.6055	0	0	0	0	0	0	0	0	0	0	0	0	0	0	0	0	0	0	0	0	0	0	0	7.335260000000001	0	0	0	0	0	0	0.00209	0	0	0	0	0	0	0	0	0.0035399999999999997	0	0	0	0
1	0	0	2.94608	0	0	0	0	0	0	0	0	0	0	0	0	0.4518	0.0015400000000000001	0	50.67576	1.71619	0	0.81105	0	5.200000000000001e-4	20.52112	6.260269999999999	0	0	0	0	0	0	0	0	0	0.00656	0	0	0.025710000000000004	0	0	0	0	0	0.04856	0	1.21905	0.13756	0.98815	0	0	0	12.60982	0.00981	0.061	0.18925999999999998	0	0.04471	0	0	0	0	0	0	0	0	0	0	0	0	0	0.00659	0	0	0.7779699999999999	0	0	0	0	0	0	0.14937999999999999	0	0	0	0	0	0	0.00232	0	0	0	0	0.03636	0	0	0	0.30284	0	0	0	0
1	0	0	5.29261	0	0	0	0	0	0	0	0	0	0	0	0	2.67065	0.07091	0	11.45974	1.17775	0	0.12568	0	9.49824	3.93666	0.92409	0	0	0	0	0	0	0	0	0	0.00106	0	0	0	0	0	0.20215	0	0	0.04506	0	0.16389	2.21965	32.29557	2.3788	0	0	20.53764	0.0118	0.39102	0	0	3.5053699999999997	0	0	0	0	0	0	0	0	0	0	0	0	0	0.01728	0	0	0.16353	0	0	0	0	0	0	1.4692	0	0	0	0	0	0	1.3826100000000001	0	0	0	0	0	0	0	0	0.059070000000000004	0	0	0	0
1	0	0.02144	31.58369	0	0	0	0	0	0	0	0	0	0	0.0034700000000000004	0	0	0	0	9.58516	1.4e-4	0	0	0	0.0036799999999999997	0.01066	9.802719999999999	0	0	0	0	0	0	0.00251	0	0	0.060020000000000004	0	0.00402	0.14190999999999998	1.9365299999999999	0	0.05816	0	0	0.07708999999999999	0	0.0024	0	1.35381	0	0	0.007379999999999999	1.7734299999999998	0.15919	0	0	0	2.05766	0	0	0	0	0	0.00122	0	0	0	0	0	0	0	0	0	0	0	0	0	0	0	0	0	41.35243	0	0	0	0	0	0	0	0	0	0	0	0	0	0	0	0.00121	0	0	0	0
1	0	1.94563	5.70886	0	0	0.6452	0	0.021230000000000002	0	0	0.01986	0	0	0.9112399999999999	0	0.00535	0.010790000000000001	0	0.32975	0	0	0	0	0	0	0.093410000000000007	0.01209	0	0	0	0.02907	0	0	0	0	27.88788	0	0	1.57015	0.88318	0.7290800000000001	4.28528	0	0	0.35786	0	0	0	1.46038	0	0	0	0.17831	0.1212	0.00375	0	0	2.52271	0	0	0	0	0.08983	0	0	0	0	0	0.06302	0	0	0	0	0	0	0	0.026269999999999998	0	0.49501000000000006	0	0	10.80157	0.19624	0	0	0.09586	0.02544	18.87741	0.05262000000000001	1.6427	0.09657	16.533739999999998	0.7653800000000001	0	0	0	0	0.5060899999999999	0	0	0	0
1	0	0.04682	0.20171	0	0	0	0	0	0	0	0	0	0	0.0038	0	0.00345	0	0	0.047139999999999994	0	0	0	0	0	0	0.00126	0	0	0	0	0	0.00805	0	0	0	98.95283	0	0	0.08446000000000001	0.16654000000000002	0.00134	0.005529999999999999	0	0	0.022869999999999998	0	0	0	0.01459	0	0	0	0.0011099999999999999	0.01983	0.008	0	0	0.10021000000000001	0	0	0	0	0	0	0	0	0	0	0	0	0	0	0	0	0	0	0	0	0	0	0	0.2765	0	0	0	0	0	0.01083	0	0.00577	0.0091	0.00506	0	0	0	0	0	0.00315	0	0	0	0
1	0	0	17.78604	0	0	0	0	0	0	0	0	0	0	0	0	0.8300299999999999	0	0	38.54063	0	0	0	0	1.6217	1.0972899999999999	4.25555	0	0	0	0	0	0	0	0	0	2.07498	0	0	0	0	0	0	0	0	0	0	0	0	1.9746099999999998	0	0	0	1.35189	0	0	0	0	1.8129400000000002	0	0	0	0	0	0	0	0	0	0	0	0	0	0	0	0	0	0	0	0	0	0	0	26.99217	0	0	0	0	0	0	0	0	0	0	0	0	0	0	0	1.66218	0	0	0	0
1	0	0	9.22459	0	0	0	0	0	0	0	0	2.5994200000000003	0	0.34066	0	0.08052000000000001	0.01183	0	11.9218	0	0	0.11872	0	0	9.23678	0.5592199999999999	0	0	0	0	0	0	0	0	0	8.56771	0	0	0	0.49158999999999997	0	0	0	0	0.02298	0	0.06279	0.28607	6.4608300000000005	0	0	0	16.31427	0	0.41713999999999996	0	0	0.95399	0	0	0	0	0	0	0	0	0	0	0	0	0	0	0	0	0	0	0	0	0	0	0	32.27647	0	0	0	0	0	0	0	0	0.052610000000000004	0	0	0	0	0	0	0	0	0	0	0
1	0	0	0.00402	0	0	0	0	0	0	0	0	0	0	9.400000000000001e-4	0	0	0	0	7.599999999999999e-4	0	0	0	0	0	0	0	0	0	0	0	0	0	0	0	0	0.0059700000000000005	0	0	0	0	0	0	0	0	0	0	0	0	0.00148	0	0	0	0.00228	0	0	0	0	0	0	0	0	0	0	0	0	0	0	0	0.00466	0	0	0	0	0	0	0	0	0	0	0	0	99.9798	0	0	0	0	0	0	0	0	0	0	0	0	0	0	0	0	0	0	0	0
1	0	0	5.906969999999999	0	0	0	0	0	0	0	0	0	0	0.15708	0	0	0.02265	0	30.65901	0	0	0	0	0.20903000000000002	1.29005	3.56716	0	0	0	0	0	0	0	0	0	2.84063	0	0	0.1406	0	0	0	0	0	0.31673	0	0.08732000000000001	0.06348999999999999	5.68691	0	0	0	12.487210000000001	0	0	0	0	0.38482	0	0	0	0	0	0	0	0	0	0	0	0	0	0	0	0	0.0645	0	0	0	0	0	0	34.39813	0	0	0	0	0	0	0.42494	0	0	0	0	0	0	0	0	1.29277	0	0	0	0
1	0	0.04621	33.12062	0	0	0	0	0	0	0	0	0.0020800000000000003	0	0.0053100000000000005	0	3.06937	0	0	18.10439	0	0	0	0	0	0.014830000000000001	0.00274	0	0	0	0	0	0	6.900000000000001e-4	0	0	0.00198	0	0	0.09788999999999999	3.21806	0	0.04384	0	0	0	0	0	0	0.0088	0	0	0	0.010190000000000001	0	0	0	0	0.02953	0	0	0	0	0	0	0.01408	0.0026	0	0	0	0	0	0	0	0	0	0	0	0	0	0	0	42.07022	0	0	0	0	0	0	0	0.0058	0	0	0	0	0	0	0	0.00923	0.12153	0	0	0
1	0	0	0.9352600000000001	0	0	0	0	0	0.00827	0	0	0	0	2.26575	0	0	0	0	0.00122	0	0	0	0	3.2e-4	0.0010400000000000001	0.01057	0	0	0	0	0	0	0	0	0	0.36136999999999997	0	0	0.00214	0	0	0.00385	0	0	0	0	0	0	0.00141	0	0	0	0	0	0	0	0	96.23011	0	0	0	0	0	0	0	0	0	0	0	0	0	0	0	0	0	0	0	0	0	0	0	0.17799	0	0	7.2e-4	0	0	0	0	0	0	0	0	0	0	0	0	0	0	0	0	0
1	0	0	0.09747	0	0	0	0	0	0	0	0	0	0	0	0	0	5.6e-4	0	0.029589999999999998	0	0	0	0	5.11439	10.30222	0.0057799999999999995	0	0	0	0	0	0	0	0	0	0.009059999999999999	0	0	0.03362	0	0	9.5e-4	0	0	0.02673	0	0	0.13577999999999998	0.96714	0	0	0.049339999999999995	1.26977	0.01314	0.00125	0	0	12.88752	0	0	0	0	0	0	0	0	0	0	0	0	0	0	0	0	0	0	0	0	0	0	0	69.00386	0	0	0	0	0	0	0.04496	0	0	0	0	0	0	0	0	0.00687	0	0	0	0
1	0	0	0.00915	0	0	0	0	0	0	0	0	0	0	0	0	0	5.200000000000001e-4	0	0	0	0	0	0	0	0	0	0	0	0	0	0	0	0	0	0	99.81260999999999	0	0	0.03877	0.01321	0	2.2999999999999998e-4	0	0	0.00411	0	0	0	0.01229	0	0	0	0.01761	0.00112	0	0	0	0	0	0	0	0	0	0	0	0	0	0	0	0	0	0	0	0	0	0	0	0	0	0	0	0.06844	0	0	0	0	0	0.00657	0	0	0	0.0088	0	0	0	0	0	0	0.00657	0	0	0
1	0	0.08331000000000001	48.41405	0	0	0	0	0	0	0	0	0.015319999999999999	0	0.0101	0.01409	0.00853	0	0	25.87559	0	0	0	0	0	0	4.3724099999999995	0	0	0	0	0	0	0	0	0	0.25094	0	0	0.64231	0	0	0.24681999999999998	0	0	0.01426	0	0	0	15.738970000000002	0	0	0.01881	0	0.12573	0	0	0	0.21600999999999998	0	0	1.4e-4	0	0	0	0	0	0	0	0	0	0	0	0	0	0	0	0	0	0	0	0	3.4066300000000003	0	0.0897	0.45628	0	0	0	0	0	0	0	0	0	0	0	0	0	0	0	0	0
1	0	0.0043100000000000005	0.14231	0	0	0	0	0	0	0	0	0.02415	0	0.0041	0	0.00675	0	0	0.00442	0	0	0	0	0	0	0	0	0	0	0	0	0	0	0	0	88.43693	0	0	0.0038299999999999996	0	0	11.02414	0	0	0.0016899999999999999	0	0	0	0	0	0	0	0	0	0	0	0	0.15992	0	0	0	0	0	0	0	0	0	0	0	0	0	0	0	0	0	0	0	0	0	0	0	0.0119	0	0	0	0	0	0.0059700000000000005	0.16699999999999998	0	0	0.00256	0	0	0	0	0	0	0	0	0	0
1	0	0.21261999999999998	0.05538	0	0	0	0	0	0	0	0	0.00302	0	0.0016699999999999998	0.02068	0	0	0	0	0	0	0	0	0	0	0	0	0	0	0	0	0	0	0	0	1.35885	0	0	0.87839	0	0	0.07221	0	0	0.52498	0	0	0	0	0	0	0	0	0	0	0	0	0.0071200000000000005	0.013609999999999999	0	0	0	0	0	0	0	0	0	0	0	0	0	0	0	0	0	0	0	0	0	0	96.85146999999999	0	0	0	0	0	0	0	0	0	0	0	0	0	0	0	0	0	0	0	0
1	0	0	0.31758000000000003	0	0	0	0	0	0	0	0	0	0	0	0	0.012240000000000001	0	0	0.03032	0	0	0	0	0.01962	0	0	0	0	0	0	0	0	0	0	0	91.63748000000001	0	0	7.15373	0	0	0	0	0	0	0	0	0	0.0659	0	0	0	0.08681	0	0	0	0	0.0299	0	0	0	0	0	0	0	0	0	0	0	0	0	0	0	0	0	0	0	0	0	0	0	0.64641	0	0	0	0	0	0	0	0	0	0	0	0	0	0	0	0	0	0	0	0
1	0	0	0.22755999999999998	0	0.08139	0	0	0	0	0	0	0	0	0.11079000000000001	0	0.0043100000000000005	0	0	0.06482	0	0	0	0	0	0	0.00358	0	0	0	0	0	0	0	0	0	5.04275	0	0	0	0	0	0	0	0	0	0	0	0	0.0079	0	0	0	0.0042	0	0	0	0	94.31170999999999	0	0	0	0	0	0	0	0	0	0	0	0	0	0	0	0	0	0	0	0	0	0	0	0.141	0	0	0	0	0	0	0	0	0	0	0	0	0	0	0	0	0	0	0	0
1	0	0	0.00474	0	0	0	0	0	0	0	0	0	0	0	0	0	0	0	0.01402	0	0	0	0	2.6000000000000003e-4	3.7e-4	0.0094	0	0	0	0	0	0	0	0	0	0.006790000000000001	0	0	0.019430000000000003	0	0	0.00107	0	0	0.0235	0	0	0	0.00263	0	0	0	0.01222	0	4.7000000000000004e-4	0	0	0.03792	0	0	0	0	0	0	0	0	6.2e-4	0	0	0	0	0	0	0	0	0	0	0	0	0	0	99.86346	0	0	0	0	0	0	0	0	0.0012699999999999999	0	0	0	0	0	0	0.00183	0	0	0	0
1	0	0	0.14970999999999998	0	0	0	0	0	0	0	0	0.00424	0	0	0	0	0.01547	0	0	0	0	0	0	0	0	0	0	0	0	0	0	0	0.00455	0	0	96.69301999999999	0	0	0.42201000000000005	0	0	0.15234	0	0	0	0	0	0	0.29281	0	0	0.0031899999999999997	0.36223	0.16373	0	0	0	0.27203	0	0	0	0	0	0	0	0	0	0	0	0	0	0	0	0	0	0	0	0	0.00243	0	0	0.30457	0	0	0	0	0	0.70036	0	0	0	0.42535	0.01162	0	0	0	0	0.02035	0	0	0	0
1	0	0	0.26505	0	0	0	0	0	0	0	0	0.00364	0	0.02433	0	0	0	0	0	0	0	0	0	0	0	0	0	0	0	0	0	0	0	0	0	0.04054	0	0	0.8335600000000001	0	0	0.89686	0	0	1.68288	0	0	0	0	0	0	0	0	0	0	0	0	26.11741	0.00195	0	0	0	0	0	0	0	0	0	0	0	0	0	0	0	0	0	0	0	0	0	0	70.12719	0	0	0	0	0	0	0	0.0066	0	0	0	0	0	0	0	0	0	0	0	0
2	0	0.99359	2.09363	0	0	0	0	0	0	0	0	0	0	0	0	0	0	0	33.01429	0	0	0.051379999999999995	0	0	5.7953	3.65721	0	0	0	0	0	0	0	0	0	36.95735	0	0	0	0	0	0.65613	0	0	0	0	0	0.12603	2.06426	0	0	0	4.60609	0	0.32646	0	0	0.14595	0	0	0	0	0	0	0	0	0	0	0	0	0	0	0	0	0	0	0	0	0	0	0	9.51234	0	0	0	0	0	0	0	0	0	0	0	0	0	0	0	0	0	0	0	0
2	0	0	0.03305	0	0	0	0	0	0	0	0	0	0	0.00109	0	0	0	0	0.09153	0	0	0	0	3.5e-4	0.09522	0.016130000000000002	0	0	0	0	0	0	0	0	0	0.43331000000000003	0	0	2.0583299999999998	0.007559999999999999	0	0.0091	0	0	0	0	0	5.5e-4	0.02197	0	0	0	0.06863999999999999	0	0.00364	0	0	0.061810000000000004	0	0	0	0	0	0	0	0	0	0	0	0	0	0	0	0	0	0	0	0	0	0	0	97.08524	0	0	0	0	0	0	0	0	0.01248	0	0	0	0	0	0	0	0	0	0	0
2	0	0	0	0	0	0	0	0	0	0	0	0	0	0.09086	0	0	0	0	2.10417	0	0	0	0	0	0	0.27503	0	0	0	0	0	0	0	0	0	95.74001	0	0	0	0	0	0	0	0	0.0043100000000000005	0	0	0	0	0	0	0	0	0	0	0	0	0	0	0	0	0	0	0	0.00494	0.35886	0	0	0	0	0	0	0	0	0	0	0	0	0	0	0	1.1377	0	0	0	0	0	0	0	0.28411	0	0	0	0	0	0	0	0	0	0	0	0
2	0	0.01974	0.43348000000000003	0	0	0	0	0	0	0	0	0	0	0	0	0.028730000000000002	0	0	0.25426	0	0	0	0	0	0	0.00496	0	0	0	0	0	0	0	0	0	83.08278	0	0	15.86147	0.01342	0	0	0	0	7.5e-4	0	0	4.1e-4	0.0811	0	0	0	0.03247	0.00207	0	0	0	0.05341	0	0	0	0	0	0	0	0	0	0	0	0	0	0	0	0	0	0	0	0	0	0	0	0.1	0	0	0	0	0	0	0	0	0	0	0	0	0	0	0	0.03098	0	0	0	0
2	0	0.042539999999999994	0.78005	0	0	0	0	0	0	0	0	9.599999999999999e-4	0	0.00771	0	0.011040000000000001	0.00485	0	0.07912999999999999	0	0	0	0	0	0	0.009590000000000001	0	0	0	0	0	0.015359999999999999	0	0	0	97.06021	0	0	0.12766	0.17434000000000002	0	0.16783	0	0	0.0030600000000000002	0	0	3.6e-4	0.12104000000000001	0	0	0	7.2e-4	0	0.01103	0	0	0.09452	0.00165	0	0	0	0	0	0	0	0	0	0	0	0	0	0	0	0	0	0	0	0	0	0	0.20342000000000002	0	0	0	0	0	0.00778	1.0464799999999999	0	0.00677	0.0029	0	0	0	0	0	0.01902	0	0	0	0
2	0	0	0.7049300000000001	0	0	0	0	0	0	0	0	0.012759999999999999	0	0.05039	0	0.65067	0.30464	0	9.25258	3.1793299999999998	0	0.7812899999999999	0	0.68179	44.12555	4.547680000000001	0	0	0	0	0	0	0	0	0	0	0	0	0	6.799999999999999e-4	0	0	0	0	0.05022	0	0.81414	1.32588	2.04569	5.3516699999999995	0	0	10.348460000000001	0	3.05725	0	0	0.02093	0	0	0	0	0	0	0	0	0	0	0	0	0	1.17559	0	0	0.25392	0	0	0	0	0	0	0.36637	0	0	0	0	0	0	0.08949	0	0	0	0	0.04144	0	0	0	10.76667	0	0	0	0
2	0	0	1.77532	0	0	0	0	0	0	0	0	1.92362	0	43.7475	0	0	0	0	0	0	0.33773000000000003	0	0	0	0	0	0	0	0	0.37023	0	0	0	0	0	17.43084	0	0	0	0	0	0	0	0	0.5887600000000001	0	0	0	1.2866	0	0	0	1.53129	0	0	0	0	4.98656	0	0	0	0	0	0	0	0	0	0	0	0	0	0	0	0	0	0	0	0	0	0	0	25.921789999999998	0	0	0	0	0	0	0	0.09977000000000001	0	0	0	0	0	0	0	0	0	0	0	0
2	0	0	0	0	0	0	0	0	0	0	0	0	0	0	0	0	0	0	0.14637999999999998	0	0	0	0	0	0	0.01517	0	0	0	0	0	0	0	0	0	62.1238	0	0	36.08775	0	0	0	0	0	0	0	0	0	0	0	0	0	0	0	0	0	0	0	0	0	0	0	0	0	0	0	0	0	0	0	0	0	0	0	0	0	0	0	0	0	0	1.6269	0	0	0	0	0	0	0	0	0	0	0	0	0	0	0	0	0	0	0	0
2	0	0	0.47318999999999994	0	0	0	0	0	0	0	0	0	0	0	0	0.018430000000000002	1.6e-4	0	0.1314	0	0	0	0	0	0	0.00774	0	0	0	0	0	0	0.0057799999999999995	0	0	0.03608	0	0	1.13311	0	0	0.00355	0	0	0.01103	0	0	0	0.056029999999999996	0	0	0	0.01854	0.00585	0	0	0	0.00247	0	0	0.0033799999999999998	0	0	0	0	0	0	0	0	0	0	0	0	0	0	0	0	0	0	0	0	98.09055	0	0	0	0	0	0.0027199999999999998	0	0	0	0	0	0	0	0	0	0	0	0	0	0
2	0	0	0.03094	0	0	0	0	0	0	0	0	0	0	0	0	0	0	0	0	0	0	0	0	0	0	0	0	0	0	0	0	0	0	0	0	0	0	0	0	0	0	0	0	0	0	0	0	0	0	0	0	0	0	0	0	0	0	0	0	0	0	0	0	0	0	0.00379	0	0	0	0	0	0	0	0.2023	0	0	0	0	0	0	0	99.7372	0	0	0	0	0	0	0.02025	0.005520000000000001	0	0	0	0	0	0	0	0	0	0	0	0
2	0	0	0.2037	0	0	0	0	0	0	0	0	0	0	0	0	6.7e-4	0.00145	0	0.33518000000000003	0	0	0.00115	0	0.00992	0.23914000000000002	0.0107	0	0	0	0	0	0	0.0547	0	0	0.09566000000000001	0	0	0.31108	0	0	1.5102200000000001	0	0	0.72159	0	0.00483	0.00953	0.30749	0	0	0	0.60639	0.0010199999999999999	0.02051	0	0	0.03486	0	0	0	0	0	0	0	0	0	0	0	0	0	0	0	0	0	0	0	0	0	0	0	94.3564	0	0	0	0	0	0	1.1638	0	0	0	0	0	0	0	0	0	0	0	0	0
2	0	0	0.36030999999999996	0	0	0	0	0	0	0	0	0	0	0	0	0	0	0	0	0	0	0	0	1.37522	0	0	0	0	0	0	0	0	0	0	0	0	0	0	0	96.80657	0	0.07081	0	0	0	0	0	0	0	0	0	0	0	0	0	0	0.8556299999999999	8.699999999999999e-4	0	0	0	0	0	0	0	0	0	0	0.00488	0	0	0	0	0.06371	0	0	0	0	0	0	0	0.46201000000000003	0	0	0	0	0	0	0	0	0	0	0	0	0	0	0	0	0	0	0	0
2	0	0.04303	0.86974	0	0	0	0	0	0	0	0	0	0	3.9e-4	0	0.02111	0	0	0.04629	0	0	0	0	0	0	0.00595	0	0	0	0	0	0	0	0	0	98.58246	0	0	0.030180000000000002	0	0	0.035269999999999996	0	0	0.00598	0	0	0	0.10562	0	0	0	1.1e-4	0	0	0	0	0.13161	0	0	0	0	0	0	0	0	0	0	0	0	0	1.6e-4	0	0	0	0	0	0	0	0	0	0.08632999999999999	0	0	0	0	0	0.014509999999999999	7.8e-4	0	0	0.01239	0	0	0	0	0	0.00808	0	0	0	0
2	0	0	3.56491	0	3.5e-4	0	0	0	0	0	0	0	0	0.00133	0	0.00312	2.9e-4	0	0.18536	0	0	0	0	0	0	0.00404	0	0	0	0	0	0	0.014119999999999999	0	0	31.62482	0	0	0.04392	0	0.09011	63.04724	0	0	0.02622	0	0	0	0.02509	0	0	0	0.02061	0.00147	0	0	0	0.016569999999999998	0.00773	0	0	0	0	0	0	0	0	0	0	0	0	0	0	0	0	0	0	0	0	0	0	0.08947999999999999	0	0	0	0	0	0	1.23195	0	0	0	0	0	0	0	0	0.00126	0	0	0	0
2	0	0	0.46348	0	0	0	0	0	0	0	0	0.00125	0	0	0	0.14427	0.25809	0	0.06514	0.0016600000000000002	0	0	2.3999999999999998e-4	3.83261	54.647180000000006	0.00762	0	0	0	0	0	0	0	0	0	0.059370000000000006	0	0	6e-4	0	0	0	0	0	0.04746	0	7.27557	1.23568	4.8781	2.33881	0	0	23.52463	0.013880000000000002	0.19022	0	0	0.02955	0	0	0	0	0	0	0	0	0	0	0	0	0	0.26111999999999996	0	0	0	0	0	0	0	0	0	0.11402999999999999	0	0	0	0	0	0	0.06473999999999999	0	0	0	0	0.06081	0	0	0	0.48388000000000003	0	0	0	0
2	0	0	0	0	0	0	0	0	0	0	0	0	0	0.00784	0	0	0	0	0.031139999999999998	0	0	0	0	0	0	0	0	0	0	0	0	0	0	0	0	90.92841999999999	0	0	0	0	0	8.88615	0	0	0	0	0	0	0	0	0	0	0	0	0	0	0	0	0	0	0	0	0	0	0	0	0	0	0	0	0	0	0	0	0	0	0	0	0	0	0	0.14645999999999998	0	0	0	0	0	0	0	0	0	0	0	0	0	0	0	0	0	0	0	0
2	0	0	0.42996	0	0	0	0	0	0	0	0	0.7072	0	0.75871	0	0.021769999999999998	0	0	0.24269000000000002	0	0	0	0	0	0.09046	0	0	0	0	0	0	0	0	0	0	4.51221	0	0	0.0058	0.031389999999999994	0.03826	0.0342	0	0	0.01226	0	0	0.0019	0.05272999999999999	0	0	0	0.13613	0	0.00804	0	0	0.06138	0	0	0	0	0	0	87.1752	1.00759	0	0	0	0	0	0	0	0	0	0	0	0	0	0	0	1.06095	0	0	0	0	0	0	0.0055899999999999995	3.53128	0	0	0	0	0	0	0	0.01457	0	0	0.05972	0
3	0	0.00093000000000000005	0.36944	0	0	0	0	0	0	0	0	0	0	0.00237	0	0.025730000000000003	0.00195	0	0.15325	0	0	0	0	0	0	2.7e-4	0	0	0	0	0	0	0	0	0	12.64386	0	0	85.86589000000001	0.00838	0	0.02199	0	0	0.01236	0	0	0	0.07015	0	0	0	0.0261	0.01491	0	0	0	0.03717	0	0	0	0	0	0	0	0	0	0	0	0	0	0	0	0	0	0	0	0	0	0	0	0.72212	0	0	0	0	0	0.02017	0	0	0	0.00295	0	0	0	0	0	0	0	0	0	0
3	0	0	0	0	0.03729	0	0	0	0.010029999999999999	0	0	0	0	0.00115	0	0	0	0	0.0044	0	0	0	0	0	0	0	0	0	0	0	0	0	0	0	0	0.43606000000000006	0	0	5.60415	0	0	8.900000000000001e-4	0	0	0	0	0	0	0	0	0	0	0	0	0	0	0	0	0	0	0	0	0	0	0	0	0	0	0	0	0	0	0	0	0	0	0	0	0	0	0	93.90603	0	0	0	0	0	0	0	0	0	0	0	0	0	0	0	0	0	0	0	0
3	0	0.03113	0.11911	0	0	0	0	0	0	0	0	0	0	1e-4	0	0	0	0	0	0	0	0	0	0	0	0	0	0	0	0	0	0.00396	0	0	0	52.88501	0	0	46.746809999999996	0.06258	0	0.00742	0	0	0.013069999999999998	0	0	0	0	0	0	0	0	0.0030399999999999997	0	0	0	0.02083	0	0	1.6e-4	0	0	0	0	0	0	0	0	0	0	0	0	0	0	0	0	0	0	0	0	0.10507000000000001	0	0	0	0	0	0	0	0	0.0017100000000000001	0	0	0	0	0	0	0	0	0	0	0
3	0	0.00632	8.05975	0	0	0	0	0	0	0	0	0	0	0.0367	0	0	3.84553	0	16.52039	0	0	0	0	0	0.00257	0.00521	0	0	0	0	0	0	0	0	0	0	0	0	0	0	0	0	0	0	0.1977	0	0	0	2.11342	0	0	0	15.42961	0.09139	0.25749	0	0	0.052329999999999995	0	0	0	0	0	0	0	0	0	0	0	0	0	0	0	0	0	0	0	0	0	0	0	47.535709999999995	0	0	0	0	0	0	0	0	0	0	0	0	0	0	0	5.84589	0	0	0	0
4	0	0	3.07377	0	0	0	0	0	0	0	0	0	0	0.04269	0	0	0	0	0.04833	0	0	0	0	0	3.1e-4	0.0021899999999999997	0	0	0	0	0	0	0	0	0	0.00488	0	0	1.1628	0.81809	0	0	0	0	0	0	0	0	0.01241	0	0	0	0.00465	0	0	0	0	0.07282999999999999	0	0	0	0	0	0	0	0	0	0	0	0	0	0	0	0	0.0039	0	0	0	0	0	0	94.75316	0	0	0	0	0	0	0	0	0	0	0	0	0	0	0	0	0	0	0	0
4	0	0	0.0264	0	0	0	0	0	0	0	0	0	0	0	0	0	0	0	0.05785	0	0	0	0	0	0.0069299999999999995	0	0	0	0	0	0	0	0	0	0	0.058320000000000004	0	0	0.041960000000000004	0	0	6.7e-4	0	0	0	0	0	0	0	0	0	0	0	0	0	0	0	0	0	0	0	0	0	0	0	0	0	0	0	0	0	0	0	0	0	0	0	0	0	0	0	99.79635	0	0	0	0	0	0	0	0	0	0	0	0	0	0	0	0.01152	0	0	0	0
4	0	0.00375	9.77868	0	9.599999999999999e-4	0	0	0	0	0	0	0.051460000000000006	0	0.00425	0	11.93275	0.03348	0	53.370309999999996	0	0	0	0	0	0.00381	9.530339999999999	0	0	0	0	0	0	0	0	0	0.08382	0	0.01036	0.00176	0.06627999999999999	0	0.20139	0	0	0.050089999999999996	0	0	3.2e-4	2.03467	0	0	0	2.12058	0.2225	0	0	0	5.18615	0	0	3.7e-4	0	0	0	0	0	0	0	0	0	0	0	0	0	0	0.00101	0	0	0	0	0	4.32443	0	0	0	0	0	0	0.94321	0	0	0	0	0	0	0	0	0.043289999999999995	0	0	0	0
4	0	0	56.59349	0	0	0	0	0	0	0	0	0	0	2.8e-4	0	0	0	0	0	0	0	0	0	0	0	0	0	0	0	0	0	0	0	0	0	0	0	0	5.8470699999999995	0	0	0.00093000000000000005	0	0	0	0	0	0	0	0	0	0	0	0	0	0	0	0.019540000000000002	0	0	0	0	0	0	0	0	0	0	0	0	0	0	0	0	0	0	0	0	0	0	0	37.5387	0	0	0	0	0	0	0	0	0	0	0	0	0	0	0	0	0	0	0	0
4	0	3.7999999999999997e-4	0.12644	0	0	0	0	0	0	0	0	0	0	0.01168	0	0.0056	0	0	0.03281	0	0	0	0	0	0.013619999999999998	0	0	0	0	0	0	0	0	0	0	0.010320000000000001	0	0	0.00425	0	0	1e-4	0	0	0.15627	0	0	0	0.0032600000000000003	0	0	0	0.01819	0	0	0	0	0.772	8.4e-4	0	0	0	0	0	0.009559999999999999	0	0	0	0	0	0	0	0	0	0	0	0	0	0	0	0	98.83378	0	0	0	0	0	0	9e-4	0	0	0	0	0	0	0	0	0	0	0	0	0
4	0	0.01056	33.62491	0	0	0	0	0	0	0	0	0	0	0.00503	0	2.88592	0.53352	0	0.062470000000000005	0	0	0	0	0	0.62115	0.00151	0	0	0	0	0	0	0	0	0	0.01735	0	0	1.93167	0.25821	0	0.00757	0	0	9.1e-4	0	0	0	0.14974	0	0	2.8e-4	0.60921	0.02815	0	0	0	0.0184	0	0	0	0	0	0	0	0	0	0	0	0	0	0	0	0	0	0	0	0	0	0	0	59.232690000000005	0	0	0	0	0	0	5.5e-4	0	0	0	0	0	0	0	0	2.1e-4	0	0	0	0
4	0	0.00139	0.01823	0	0	0	0	0	0	0	0	0	0	0	0	0	0	0	0.02525	1.4e-4	0	0	0	0	0.00162	0.08317999999999999	0	0	0	0	0	0	0	0	0	99.64667	0	0	0	0	0	0	0	0	0	0	0	0	9.8e-4	0	0	0	0	0	0	0	0	0.00998	0	0	0	0	0	0	0	0	0	0	0	0	0	0	0	0	0	0	0	0	0	0	0	0.21255	0	0	0	0	0	0	0	0	0	0	0	0	0	0	0	0	0	0	0	0
4	0	0	0.11372	0	0	0	0	0	0	0	0	0	0	0.28175	0	0.0042899999999999995	0	0	6.900000000000001e-4	0	0	0	0	0.0036200000000000004	0.0077	0	0	0	0	0	0	0	0	0	0	99.45505	0	0	0	0	0	0	0	0	0	0	0	0	0.01371	0	0	0	0.03317	0	0	0	0	0.01072	0	0	0	0	0	0	0	0	0	0	0	0	0	0	0	0	0	0	0	0	0	0	0	0.07557	0	0	0	0	0	0	0	0	0	0	0	0	0	0	0	0	0	0	0	0
5	0	0	0.013669999999999998	0	0	0	0	0	0	0	0	0	0	0	0	0.00487	0	0	0.08291	0	0	0	0	8.1e-4	0.00483	0	0	0	0	0	0	0	0.04616	0	0	0.027389999999999998	0	0	0	0	0	0.28994000000000003	0	0	1.47289	0	0	0	0	0	0	0	0.02344	0	0	0	0	0.051870000000000006	0	0	0	0	0	0	0	0	0	0	0	0	0	0	0	0	0	0	0	0	0	0	0	97.98053	0	0	0	0	0	0	0	0	0	0	0	0	0	0	0	7.099999999999999e-4	0	0	0	0
5	0	0	11.31379	0	3.3e-4	0	0	0	0	0	0	0	0	1.30477	0	0.0098	0	0	0	0	0	0	0	0	0	0	0	0	0	0	0	0	0	0	0	11.0042	0	0	0	0	0	0	0	0	0	0	0	0	6.2e-4	0	0	2.26067	0	0	0	0	0	73.78333	0.01839	0	0	0	0	0	0	0	0	0	0	0	0	0	0	0	0	0	0	0	0	0	0	0.30408	0	0	0	0	0	0	0	0	0	0	0	0	0	0	0	0	0	0	0	0
5	0	0	84.43863	0	0	0	0	0	0	0	0	0	0	0.56272	0	4.88445	0	0	0.80224	0	0	0	0	0	0.02943	0	0	0	0	0	0	0	0	0	0	0.7277399999999999	0	0	0.7239899999999999	0.22549	0	0	0	0	0.31069	0	0	0	0	0	0	0	0.07986	0	0	0	0	0.27286	0.43604	0	0	0	0	0	0	0	0	0	0	0	0	0	0	0	0	0	0	0	0	0	0	6.18434	0	0	0	0	0	0	0	0	0	0	0	0	0	0	0	0.17484	0.1467	0	0	0
5	0	0	0.9399799999999999	0	0	0	0	0	0	0	0	0	0	0.0070599999999999994	0	0	0	0	0.35711	0	0	0	0	0	0.10166	0.01569	0	0	0	0	0	0	0	0	0	83.07215	0	0	14.18542	0	0	0	0	0	0.02094	0	0.022869999999999998	0	0.039639999999999995	0	0	0	0.18873	0	0.008459999999999999	0	0	0.0382	0	0	0	0	0	0	0.048889999999999996	0	0	0	0	0	0	0	0	0	0	0	0	0	0	0	0	0.91012	0	0	0	0	0	0	0	0	0	0	0	0	0	0	0	0.043089999999999996	0	0	0	0
5	0	0	22.4345	0	0	0	0	0	0	0	0	0	0	31.82522	0	0.1286	0	0	3.4630900000000002	0	0	0	0	0	0	0.01022	0	0	0	0	0	0	0	0	0	3.6257800000000002	0	0	0	0	0	0	0	0	0	0	0	0	0	0	0	0	0	0	0	0	0	3.50325	0	0	0	0	0	0	0	0	0	0	0	0	0	0	0	0	0	0	0	0	0	0	0	27.224320000000002	0	0	0	0	0.23119	0	0	7.49978	0	0	0	0	0	0	0	0.05405	0	0	0	0
5	0	0	0.06951	0	0	0	0	0	0	0	0	4e-4	0	0.05347999999999999	0	0	0	0	0	0	0	0	0	0	0	0	0	0	0	0	0	0	0	0	0	1.24813	0	0	2e-4	0	0	0.01459	0	0	0.80156	0	0	0	0	0	0	0	0	0	0	0	0	0.024380000000000002	0	0	0	0	0	0	0	0	0	0	0	0	0	0	0	0	0	0	0	0	0	0	0	97.78775	0	0	0	0	0	0	0	0	0	0	0	0	0	0	0	0	0	0	0	0
5	0	0.07728	52.61411	0	0	0	0	0	0	0	0	0	0	0.05897	0.01206	0	0.00395	0	0	0	0	0	0	0	0	0	0	0	0	0	0	0	0	0	0	0	0	0	0.08757999999999999	0.058820000000000004	0	0.1536	0	0	1.6e-4	0	0	0	0	0	0	0	0.06505	0.30619	0	0	0	1.29682	0.06347	0	0	0	0	0	0	0	0	0	0	0	0	0	0	0	0	0	0	0	0	0	0	40.05083	0	0	0	0	0	0	0	0	0	0	0	0	0	0	0	5.1511	0	0	0	0
5	0	0	0.31522	0	0	0	0	0	0	0	0	0.00176	0	0	0	4.5e-4	0	0	0	0	0	0	0	0	0	0.00126	0	0	0	0	0	0	0	0	0	0.74637	0	0	82.15066999999999	0.04093	0	0.06696	0	0	3.23733	0	0	0	0.0028	0	0	0.0020800000000000003	0	0.0044	5.9999999999999995e-5	0	0	2.17999	0	0	0	0	0	0	0	0	0	0	0	0	0	0	0	0.05264	0	0	0	0	0	0	0	10.8011	0	0	0	0	0	0	0.37746	0	0	0	0	0	0	0	0	0	0.01852	0	0	0
5	0	0.01494	0.04381	0	0	0	0	0	0	0	0	0	0	0.0019399999999999999	0	2.8e-4	0	0	0.00495	0	0	0	0	0	0	0	0	0	0	0	0	0.00134	4.7999999999999996e-4	0	0	0.27076999999999996	0	0	63.75366999999999	0.05326	0	0.04528	0	0	6.32335	0	0	0	0	0	0	0	0	0.00489	0	0	0	0.029289999999999997	0	0	0	0	0	0	0	0	0	0	0	0	0	0	0	0	0	0	0	0	0	0	0	29.449040000000004	0	0	0	0	0	0	0.0020399999999999997	0	6.7e-4	0	0	0	0	0	0	0	0	0	0	0
5	0	0	20.25468	0	0.045439999999999994	0	0	0	0	0	0	0	0	7.700000000000001e-4	0	0	0	0	0	0	0	0	0	0	0	0	0	0	0	0	0	0	0.04022	0	0	0	0	0	3.7999999999999997e-4	0	0	0.7719699999999999	0	0	0.30981	0	0	0	0	0	0	0.3152	0	0	0	0	0	50.96671	0	0	0	0	0	0	0	0	0	0	0	0	0	0	0	0	0	0	0	0	0	0	0	27.06683	0	0	0	0	0	0	0.22799	0	0	0	0	0	0	0	0	0	0	0	0	0
5	0	0	6.00402	0	0	0	0	0	0	0	0	0	0	3.5e-4	0	0.00556	1.06235	0	53.315740000000005	0	0	0	0	0.006670000000000001	0.02475	0	0	0	0	0	0	0	0	0	0	0.00131	0	0	0	0	0	0	0	0	0.031310000000000004	0	1.3292700000000002	0.17761	2.92384	0	0	0	30.73385	0.00604	0.30728	0	0	0.0027600000000000003	0	0	0	0	0	0	0	0	0	0	0	0	0	0	0	0	0	0	0	0	0	0	0	4.0162	0	0	0	0	0	0	0.049319999999999996	0	0	0	0	0	0	0	0	0.0017699999999999999	0	0	0	0
5	0	0	0.010159999999999999	0	0	0	0	0	0	0	0	0	0	0.023569999999999997	0	0	0	0	0	0	0	0	0	0	0	0	0	0	0	0	0	0	0	0	0	0.25096	0	0	1.63711	0	0	0.03394	0	0	0.17184000000000002	0	0	0	0	0	0	0	0	0	0	0	0	0	0	0	0	0	0	0	0	0	0	0	0	0	0	0	0	0	0	0	0	0	0	0	0	86.74628	0	0	0	0	11.12615	0	0	0	0	0	0	0	0	0	0	0	0	0	0	0
5	0	56.30894	3.8790400000000003	0	0	0	0	0	0	0	0	0	0	0.0018899999999999998	0	0.00233	0	0	0.013519999999999999	0	0	0	0	0	0	0	0	0	0	0	0	0.0044399999999999995	0.00116	0	0	0.29811	0	0	0.060110000000000004	0.13437000000000002	0	2.42302	0	0	0.2931	0	0	0	0	0	0	0	0	0.01766	0	0	0	6.56389	0.09515	0	0	0	0	0	0	0	0	0	0	0	0	0	0	0	0	0	0	0	0	0	0	29.885209999999997	0	0	0	0	0	0	0.01245	0	0.00561	0	0	0	0	0	0	0	0	0	0	0
5	0	0	3.77461	0	0.5405800000000001	0	0	0	0	0	0	0	0	0.63637	0	0.10489000000000001	0	0	0.00978	0	0	0	0	0	0	0	0	0	0	0	0	0	0	0	0	13.594510000000001	0	0	0	0	0	10.96221	0	0	68.52124	0	0	0	8.6e-4	0	0	0	0.00373	0	0	0	0	0.03621	0	0	0	0	0	0	1.01065	0	0	0	0	0	0	0	0	0	0	0	0	0	0	0	0	0.75393	0	0	0	0	0	0	0	0	0	0	0	0	0	0	0	0.05044	0	0	0	0
5	0	0.0323	7.39423	0	0	0	0	0	0	0	0	0	0	0.060360000000000004	0	0	0	0	0.0018100000000000002	0	0	0	0	0	0	0.00331	0	0	0	0	0	0	0	0	0	0	0	0	0.040080000000000005	0	0	0.02982	0	0	0	0	0	0	0	0	0	0	0	0	0	0	0	12.74576	0.006809999999999999	0	0.27905	0	0	0	0	0	0	0	0	0	0	0	0	0	0	0.15358	0	0	0	0	0	79.25289000000001	0	0	0	0	0	0	0	0	0	0	0	0	0	0	0	0	0	0	0	0
5	0	0	0.07852	0	0	0	0	0	0	0	0	0	0	0	0	0	0	0	3.2e-4	0	0	0	0	0	0	0	0	0	0	0	0	0	0	0	0	0.03755	0	0	0.11092	0	0	0.18695	0	0	0.78264	0	0	0	0	0	0	0	0	0	0	0	0	5.33324	0	0	0	0	0	0	0	0	0	0	0	0	0	0	0	0.045439999999999994	0	0	0	0	0	0	0	89.94433000000001	0	0	0	0	0	0	3.4800800000000005	0	0	0	0	0	0	0	0	0	0	0	0	0
5	0	0.15463	0.22893000000000002	0	0.09911	0	0	0	0	0	0	0.52003	0	0	0.14242	0	0.00158	0	0	0	0	0	0	0	0	0	0	0	0	0	0	0	0.004379999999999999	0	0	1.08544	0	0	0.16802	0	0	5.11229	0	0	14.92475	0	0	0	0.031580000000000004	0	0	0.0069	0.058710000000000005	0.006379999999999999	0	0	0	4.46847	0	0	0	0	0	0	0	0	0	0	0	0	0	0	0	0	0	0	0	0	0	0	0	72.94773	0	0	0	0	0	0.01519	0	0.01344	0	0.010029999999999999	0	0	0	0	0	0	0	0	0	0
5	0	0	0.27636	0	0	0	0	0	0	0	0	0	0	2.3999999999999998e-4	0	0	0	0	0	0	0	0	0	0	0	0	0	0	0	0	0	0	0	0	0	0	0	0	0.06517	0	0	0	0	0	3.89416	0	0	0	0	0	0	0	0	0	0	0	0	0	0	0	0	0	0	0	0	0	0	0	0	0	0	0	0	0	0	0	0	0	0	0	0	95.71576999999999	0	0	0	0	0	0	0.0483	0	0	0	0	0	0	0	0	0	0	0	0	0
5	0	0.02891	25.62279	0	0	0	0	0	0	0	0	0.03954	0	0	0.03387	0	0	0	0	0	0	0	0	0.030080000000000003	0	0	0	0.00141	0	0	0	0.0562	0.03085	0	0	0.02204	0	0.01846	0.03888	0.95114	0	0.44485	0	0	0.2017	0	0	0	0.06014	0	0	0	0	0	0	0	0	0.27158000000000004	0	0	5.099999999999999e-4	0	0	0	0	0	0	0	0	0	0	0	0	0	0	0	0	0	0	0	0	72.14404	0	0	0	0	0	0	0	0.0021100000000000003	0	0	9.1e-4	0	0	0	0	0	0	0	0	0
5	0	0	93.91530999999999	0	0	0	0	0	0	0	0	0.00115	0	9.5e-4	0	0.00205	0.029289999999999997	0	0.2457	0	0	0	0	0.00214	0.008620000000000001	7.4e-4	0	0	0	0	0	0	0	0	0	0.0123	0	0	0.0083	0.0045	0	0.00351	0	0	0.00303	0	0	0	0.00278	0	0	0	0.02777	0	0	0	0	0.01589	0	0	0	0	0	0	0	0	0	0	0	0	0	0	0	0	0	0	0	0	0	0	0	5.71512	0	0	0	0	0	0	8.2e-4	0	0	0	0	0	0	0	0	0	0	0	0	0
6	0	0	4.47274	0	0	0	0	0	0	0	0	0	0	0.00785	0	0.00195	0	0	0.03508	0	0	0	0	0	1.4e-4	7.599999999999999e-4	0	0	0	0	0	0	0.0347	0	0	0.10872000000000001	0	0	0.56277	0	0	0.36466	0	0	0.06702000000000001	0	0	0	0.00158	0	0	0	0.00419	0	0	0	0	0.00182	0	0	0	0	0	0	0	0	0	0	0	0	0	0	0	0	0	0	0	0	0	0	0	94.26239	0	0	0	0	0	0	0	0	0	0	0	0	0	0	0	0.07362	0	0	0	0
6	0	0.01295	12.9519	0	0.038239999999999996	0	0	0	0	0	0	0.018019999999999998	0	0.01037	0	4.970219999999999	0.17593	0	53.25986999999999	0	0.0036299999999999995	0.11774000000000001	0	1.44993	0.00119	4.84808	0	0	0	0	0	0	0	0	0	0	0	0	0.0021100000000000003	0	0.0533	0.59243	0	0	0.00499	0	0.009590000000000001	0.0877	6.20188	0	0	0.00488	5.63772	0.06238	0	6.17428	0.029889999999999996	0.9640000000000001	0	0	0	0	0	0	0.06062000000000001	0	0	0	0	0	0	0	0	0	1.21579	0	0	0	0	0	0	0.64583	0	0	0	0	0.004220000000000001	0	0.38597	0	0	0	0	0	0	0	0	0.00427	0	0	0	0
6	0	0.03436	0.12308	0	0	0	0	0	0	0	0	3.7999999999999997e-4	0	3.71065	0	6.6e-4	0	0	0.012830000000000001	0	0	0	0	0	0	0	0	0	0	0	0	0.00418	0	0	0	15.41567	0	0	14.752189999999999	0.09001	0	0.03048	0	0	0.01252	0	0	0	0	0	0	0	0	0.01459	0	0	0	65.66027	0	0	0	0	0	0	0	0	0	0	0	0	0	0	0	0	0	0	0	0	0	0	0	0.13334000000000001	0	0	0	0	0	0.0017	0	0	0.0016600000000000002	0.00144	0	0	0	0	0	0	0	0	0	0
6	0	0	2.2715099999999997	0	0.06597	0	0	0	0	0	0	0	0	0	0	0	4.5999999999999996e-4	0	0	0	0	0	0	0	0	0.0015300000000000001	0	0	0	0	0	0	0.44878	0	0	2.9206	0	7.599999999999999e-4	0.09948	0	0	20.898239999999998	0	0	0.05541	0	0	0	0.06059	0	0	0.00125	0.02623	0.04054	2.6000000000000003e-4	0	0	60.86565	0	0	0	0	0	0	0	0	0	0	0	0	0	0	0	0.34692	0	0	0	0	0	0	0	11.01647	0	0	0	0	0	0.02632	0.8240700000000001	0	0	0.014780000000000001	0	0	0	0	0	0.014169999999999999	0	0	0	0
6	0	2.1e-4	2.87583	0	0	0	0	0	0	0	0	0	0	0	0	0	0.02642	0	83.79098	0	0	0	0	0.02125	2.24235	6.07763	0	0	0	0	0	0	0	0	0	4.9e-4	0	0	0.00307	0.00173	0	0	0	0	0.01775	0	0.00995	0	0.53385	0	0	0	1.43404	0.00466	0	0.1332	0	1.54777	0	0	0	0	0	0	0	0	0	0	0	0	0	0	0	0	0.09725	0	0	0	0	0	0	1.16767	0	0	0	0	0	0	0.0105	0	0	0	0	0	0	0	0	0.0033799999999999998	0	0	0	0
6	0	0	0.1258	0	0.0128	0	0	0	0	0	0	0	0	0	0	0	5.9999999999999995e-5	0	0	0	0	0	0	0	0	0	0	0	0	0	0	0	0.05927	0	0	1.8180900000000002	0	0	0.2597	0	0	0.41356000000000004	0	0	37.61013	0	0	0	0.1183	0	0	0	0.00787	0.02015	0	0	0	0.01956	0	0	0	0	0	0	0	0	0	0	0	0	0	0	0	0	0	0	0	0	0	0	0	59.52893	0	0	0	0	0	0.00259	0	0	0	9.1e-4	0	0	0	0	0	0	0.00229	0	0	0
6	0	0	0.65098	0	0	0	0	0	0	0	0	0	0	0	0	0.00107	0	0	0.00435	0	0	0	0	0	0	0	0	0	0	0	0	0	0.12527	0	0	0.19042	0	0	0.01659	0	0	0.92269	0	0	11.43497	0	0	0	0.024980000000000002	0	0	0	0.07977000000000001	0	0	0	0	0.73612	0	0	0.02078	0	0	0	8.5e-4	0	0	0	0	0	0	0	0	0.04094	0	0	0	0	0	0	0	85.06687	0	0	0	0	0	0	0.67986	0	0	0	0	0	0	0	0	0.0035	0	0	0	0
6	0	0	8.3098	0	0	0	0	0	0	0	0	0	0	0.5757899999999999	0	0	6.900000000000001e-4	0	73.685059999999993	0	0	0	0	0	1.6403599999999998	8.091339999999999	0	0	0	0	0	0	0	0	0	0.00195	0	0	3.7999999999999997e-4	0	0	0	0	0	0.01519	0	0.19183	0	3.41895	0	0	0	2.4894	0	0	0	0	0.8781	0	0	0	0	0	0	0	0	0	0	0	0	0	0	0	0	0.04235	0	0	0	0	0	0	0.64641	0	0	0	0	0	0	0.01242	0	0	0	0	0	0	0	0	0	0	0	0	0
7	0	0	2.11527	0	0.026639999999999997	0	0	0	0	0	0	0	0	0	0	0	0	0	0	0	0	0	0	0	0	0	0	0	0	0	0	0	0	0	0	0.0309	0	0	63.193369999999994	0	0	0	0	0	0	0	0	0	0	0	0	0	0	0	0	0	0	0	0	0	0	0	0	0	0	0	0	0	0	0	0	0	0	0	0	0	0	0	0	0	0	2.83533	0	0	0	0	0	0	0	29.430809999999997	0.03034	0	2.33734	0	0	0	0	0	0	0	0	0
8	0	0	51.2955	0	0	0	0	0	0	0	0	0	0	0.0055899999999999995	0	0.00426	0.27510999999999997	0	1.15279	0	0	0	0	0	0.0034100000000000003	0.54777	0	0	0	0	0	0	0	0	0	0	0	0	9.5e-4	0.01725	0	1.00076	0	0	0.30082	0	0	0.10645999999999999	1.37484	0	0	0	7.63208	0.00504	0	0	0	0.36096	0	0	0	0	0	0	0	0	0	0	0	0	0	0	0	0	0	0	0	0	0	0	0	35.89209	0	0	0	0	0	0	0.014419999999999999	0	0	0	0	0	0	0	0	0.0099	0	0	0	0
8	0	0	1.60901	0	0	0	0	0	0	0	0	0	0	0.02817	0	0	0	0	82.41741	0	0	0	0	0	0.846	7.8907300000000005	0	0	0	0	0	0	0	0	0	0	0	0	0	0.00425	0	0	0	0	0	0	0.03605	0	4.59923	0	0	0	0.8142699999999999	0.01998	0	0.01627	0	1.5865200000000002	0	0	0	0	0	0	0	0	0	0	0	0	0	0	0	0	0.00366	0	0	0	0	0	0	0.11244000000000001	0	0	0	0	0	0	0.01602	0	0	0	0	0	0	0	0	0	0	0	0	0
9	0	47.77068	15.95951	0	0.07686	0	0	0	0	0	0	0.4978	0	2.02168	0	0.01351	0	0	0	0	0	0	0	0	0	0	0	0	0	0	0	0	0.12554	0	0	1.66871	0	0	0.95037	0	0	7.2336800000000006	0	0	6.60233	0	0	0	0.08477	0	0	4.7000000000000004e-4	0	0.33838	0	0	0	0.06692999999999999	0.08598	0	0.0037600000000000003	0	0	0	0	0	0	0	0	0	0	0	0	0	0	0	0	0	0	0	0	16.48346	0	0	0	0	0	0.00168	0.00126	0	0	0.00132	0	0	0	0	0	0.0113	0	0	0	0
9	0	0.027889999999999998	38.39852	0	0	0	0	0	0	0	0	0.03333	0	0.19774	0.0364	0	0	0	0.01042	0	0	0	0	0.028189999999999996	0.00237	0.0018	0	3.5e-4	0	0	0	0.04804	0.01963	0	0	0.02669	0	0.014819999999999998	0.0491	0.80172	0	0.26582	0	0	0.17587	0	0	0	0.056889999999999996	0	0	0	0.00107	4.4e-4	0	0	0	0.24279	0	0	0	0	0	0	0	0	0	0	0	0	0	0	0	0	0	0	0	0	0	0	0	59.55491	0	0	0	0	0	0	0.00187	0.00299	0	0	0	0	0	0	0	0	0	0	3.3999999999999997e-4	0
9	0	0.20215999999999998	91.25484	0	0	0	0	0	0	0	0	0.00312	0	0	0.00281	1.4e-4	2.32468	0	0.01819	0	0	0	0	0	0	0.00594	0	0	0	0	0	0	0	0	0	0.01852	0	0.00801	0.06626	7.9e-4	0	0.14322000000000001	0	0	0.04793	6e-4	0	0	0.88841	0	0	0.00137	0.00551	0.46491000000000005	0	0	0	0.06813	0.00165	0	0	0	0	0	0	0	0	0	0	0	0	0	0	0	0	0	0	0	0	0	0	1.3551	0	0	0	0	0	0	0	0	0	0	0	0	0	0	0	3.1177	0	0	0	0
9	0	1.9332200000000002	66.5793	0	0	0	0	0	0	0	0	2.30777	0	0	0.023809999999999998	0	0	0	0.54835	0	0	0	0	0.00246	0	0.01137	0	0	0	0	0	0	0.07082000000000001	0	0	0.16843	0	0	1.12985	0.0025	0	2.70847	0	0	1.7251299999999998	0	0	0	0	0	0	0.00256	0.22824	0.01901	0	0	0	1.0155	0.06213	6.7e-4	0	0	0	0	0	0	0	0	0	0	0	0	0	0	0	0	0	0	0	0	0	21.44501	0	0	0	0	0	0	0	0.015390000000000001	0	0	0	0	0	0	0	0	0	0	0	0
10	0	16.655720000000002	0.01425	0	0.23254	0	0	0	0	0	0	0	0	0.0667	0	0.004520000000000001	0.46271999999999996	0	0	0	0	0	0	0.01042	0	0	0	0	0	0	0	0	0	0	0	0.15822999999999998	0	0	8.47448	0.00598	0	1.51847	0	0	0.017830000000000002	0	0	0	0	0	0	0	0	0	0	0	0	23.664260000000002	0	0	0	0	0	0	0	0	0	0	0	0	0	0	0	0.00168	0	0.01457	0	0	0	0	0	0.80785	0	0	0	0	0	0	47.59172	0	0	0	0	0	0	0	0	0.29806	0	0	0	0
10	0	0.6331899999999999	91.42566	0	0.10343	0	0	0	0	0	0	0	0	0.02893	0	0.00364	0.0138	0	0.37628	0	0	0	0	0	0	0.008620000000000001	0	0	0	0	0	0	0.0189	0	0	0.67001	0	0	0.13699	0	0	0.4885	0	0	0.0079	0	0	0	0	0	0	0	0	0	0	0	0	2.2966	0	0	0	0	0	0	0	0	0	0	0	0	0	0	0	0	0	0	0	0	0	0	0	0.39905999999999997	0	0	0	0	0	0.00942	3.37382	0	0	0.00524	0	0	0	0	0	0	0	0	0	0
10	0	0	0.14549	0	0	0	0	0	0	0	0	0.00268	0	0.14978	0	0	0	0	0	0	0	0	0	0	0	0	0	0	0	0	0	0	0	0	0	0.01366	0	0	0.00324	0	0	0.04983	0	0	0.0946	0	0	0	0	0	0	0.01152	0	0	0	0	0	2.41005	0	0	0	0	0	0	0	0	0	0	0	0	0	0	0	0	0	0	0	0	0	0	0	96.84477	0	0	0	0	0	0	0.27439	0	0	0	0	0	0	0	0	0	0	0	0	0
10	0	0	17.02852	0	0	0	0	0	0	0	0	0.42938999999999994	0	0.00231	0	0	0	0	0.015080000000000001	0	0	0	0	0	0	0.001	0	0	0	0	0	0.00106	0.09545	0	0	0.45466000000000006	0	0	10.661389999999999	0.03793	0	14.085460000000001	0	0	0.21349	0	0	0	0.00205	0	0	0	0	0	0.00158	0	0	31.233990000000002	0	0	0	0	0	0	0	0	0	0	0	0	0	0	0	0	0	0	0	0	0	0	0	25.73432	0	0	0	0	0	2.5e-4	5e-4	0	0	0.00103	0	0	0	0	0	5.5e-4	0	0	0	0
10	0	0.72397	0.01291	0	0	0.00262	0	0	0	0	0	0	0	0	0	0	0.13702	0	3.5e-4	0	0	0	0	0	0	0.0036	0	0	0	0	0	0	0.011470000000000001	0	0	0.28763	0	0	1.6211200000000001	0.015080000000000001	0	0.55996	0	0	0.06777999999999999	0	0	0.16232	54.330580000000005	0	0	5.9e-4	0	0	0	0	0	33.2062	0	0	0	0	0	0	0	0	0	0	0	0	0	0	0	0	0	0	0	0	0	0	0	8.846	0	0	0	0	0	0.00359	0.00428	0	0	0.00293	0	0	0	0	0	0	0	0	0	0
11	0	0	0.09162000000000001	0	0	0	0	0	0	0	0	0	0	0.02326	0.0132	0	0	0	0.01648	0	0	0	0	0.02012	0	0.00283	0	0	0	0	0	0	0	0	0	0	0	0	0.26139	0.00217	0	0.30539	0	0	1.35083	0	0	0	0.018930000000000002	0	0	0	0.0461	0	0	0	0	6.09486	0	0	0.0013	0	0	0	0	0	0	0	0	0	0	0	0	0.06645	0	0	0	0	0	0	0	91.68508	0	0	0	0	0	0	0	0	0	0	0	0	0	0	0	0	0	0	0	0
11	0	0.03313	88.7174	0	0	0	0	0	0	0	0	0	0	0	0	2.8635900000000003	0.0142	0	0.44337	0	0	0	0	0	0	3e-4	0	0	0	0	0	0	0	0	0	0.01409	0	0	0.06867000000000001	0.00589	0	0.55948	4.9e-4	0	5.200000000000001e-4	0	0	0	5.4410300000000005	0	0	0.01696	0.25877	0.0357	0.007259999999999999	0	0	0.8431799999999999	0.00594	0	0	0	0	0	0	0	0	0	0	0	0	0.47095	0	0	0	0	0	0	0	0	0	0.12672	0	0	0	0	0	3.1e-4	0	0	0	1.4e-4	0	0.07189	0	0	0	0	0	0	0	0
11	0	10.35399	79.79186999999999	0	5.200000000000001e-4	0	0	0	0	0	0	3.9e-4	0	0.0069299999999999995	0	0	0.06467	0	0.040369999999999996	0	0	0	0	0	0	8.2e-4	0	0	0	0	0	0	0.00557	0	0	0.1226	0	0	1.9596	0.02345	0	0.09646	0	0	0.00954	0	0	0	6.1816699999999996	0	0	0	0.00824	2.3999999999999998e-4	0	0	0	0.01648	0	0	0	0	0	0	0	0	0	0	0	0	0	0	0	0	0	0	0	0	0	0	0	1.31566	0	0	0	0	0	0	0.00093000000000000005	0	0	0	0	0	0	0	0	0	0	0	0	0
11	0	52.99896999999999	0.24448000000000003	0	0	0	0	0	0	0	0	0.46592	0	0	0.0054	0.0019100000000000002	0.03163	0	0.0185	0	0	0	0	0	0	0	0	0	0	0	0	0	0.05492999999999999	0	0	0.13962	0	0.01055	16.4027	0.00542	0	2.30796	0	0	0.38332	0	0	0	0.0053100000000000005	0	0	0.01439	0	7.23763	0	0	0	8.43698	0	0	8.900000000000001e-4	0	0	0	0	0	0	0	0	0	0	0	0	0	0	0	0	0	0	0	0	11.22573	0	0	0	0	0	0.00229	0.0023	0	0	7.9e-4	0	0	0	0	0	0.00238	0	0	0	0
11	0	0.02392	0.02019	0	0	0	0	0	0	0	0	0.05565	0	0	0.04525	0.0014	0	0	0.28697	0	0	0	0	0.34329	0	0.044430000000000004	0	0	0	0	0	0	0	0	0	0.08809	0	0	0.68245	0	0	0.0442	0	0	2.41715	0	0	0	0	0	0	0	0.00916	0	0	0	0	2.57464	0	0	0	0	0	0	0	0	0	0	0	0	0	0	0	0.05338	0	0	0	0	0	0	0	92.67419	0	0	0	0	0	0	0.63048	0	0	0	0	0	0	0	0	0.00518	0	0	0	0
11	0	0	0.11005	0	0	0	0	0	0	0	0	0.00175	0	0.00145	0	0	0	0	0.061779999999999995	0	0	0	0	0.00132	0.05909	0.029310000000000003	0	0	0	0	0	0	0	0	0	99.04325	0	0	0.00433	0.00432	0	9.699999999999999e-4	0	0	0	0	0.0085	0	0.00513	0	0	0	0.03229	0	0	0	0	0.01277	0	0	0	0	0	0	0	0	0	0	0	0	0	0	0	0	0	0	0	0	0	0	0	0.61947	0	0	0	0	0	0	0.004220000000000001	0	0	0	0	0	0	0	0	0	0	0	0	0
11	0	0	2.1749	0	0	0	0	0	0	0	0	0	0	0.18798	0	0	0	0	0.49288000000000004	0	0	0	0	0	0	0	0	0	0	0	0	0	0	0	0	92.86981999999999	0	0	0	0	0	0.0644	0	0	0.04214	0	0	0	0	0	0	0	0.00777	0	0	0	0	0.62167	0	0	0	0	0	0	0	0	0	0	0	0	0	0	0	0	0	0	0	0	0	0	0	3.4869199999999996	0	0	0	0	0	0	0.05152	0	0	0	0	0	0	0	0	0	0	0	0	0
11	0	0.01254	0.014969999999999999	0	0.0116	0	0	0	0	0	0	0	0	0.76975	0	6.07745	0.0978	0	0	0	0	0	0	0	0	0	0	0	0	0	0	0	0	0	0	3.3999999999999997e-4	0	0	0.43488999999999994	0.011909999999999999	0	0.14035	0	0	0.01563	0	0	0	3.42337	0	0	0.00555	0	0.22674	0	0	0	0.00554	0.02072	0	0	0	0	0	0	0	0	0	0	0	0	0	0	0	0	0	0	0	0	0	0	88.7226	0	0	0	0	0	0	0	0	0.00826	0	0	0	0	0	0	0	0	0	0	0
11	0	0	12.50343	0	0	0	0	0	0	0	0	0	0	0.053779999999999994	0	0	0.00398	0	0.0395	0	0	0	0	0	0	0	0	0	0	0	0	0	0	0	0	1.05693	0	0	59.774969999999996	0.0518	0	0.01549	0	0	3.8521	0	0	0	0.053079999999999995	0	0	0	0.0023899999999999998	0.00215	0	0	0	0	6.799999999999999e-4	0	0	0	0	0	0	0	0	0	0	0	0	0	0	0	0	0	0	0	0	0	0	22.568479999999997	0	0	0	0	0	0.00108	0	0	0	5.099999999999999e-4	0	0	0	0	0	0.01317	0.00646	0	0	0
12	0	5.200000000000001e-4	72.04826	0	0.00126	0	0	0	0	0	0	0.05335	0	0.03081	0	0.03149	0.09442	0	0.09486	0	0	0	0	0	0	0.0027	0	0	0	0	0	0	3.3999999999999997e-4	0	0	0.06246	0	0	4.94696	0.04918	0	0.016030000000000003	0	0	2.57377	0	0	0	0.05437	0	0	0.006	2.50058	2.6000000000000003e-4	0	0	0	0.05724	0.00131	0	0	0	0	0	0	0	0	0	0	0	0	0	0	0	0	0	0	0	0	0	0	16.74602	0	0	0.58502	0	0.00242	1.4e-4	0.01316	0	0	5.9999999999999995e-5	0	0	0	0	0	0.02705	0	0	0	0
12	0	1.1307200000000002	24.09455	0	0.02298	0	0	0	0	0	0	0	0	2.4272	0	0.00504	0.09376	0	0.00978	0	0	0	0	0	0	0	0	0	0	0	0	0	0	0	0	0.40986000000000006	0	0	0.9186200000000001	1.43261	0	0.07664	0	0	0.21861999999999998	0	0	0	0.00733	0	0	0.028999999999999998	0	0	0.00209	0	0	0.21555	0.03354	0	0	0	0	0	0	0	0	0	0	0	0	0	0	0	0	0	0	0	0	0	0	68.87115	0	0	0	0	0	0	0	0	0	0	0	0	0	0	0	9.5e-4	0	0	0	0
12	0	0	0.28031	0	0	0	0	0	0	0	0	0	0	9.599999999999999e-4	0	0	0	0	0.03605	0	0	0	0	0	0	0.00391	0	0	0	0	0	7.19441	0	0.1376	0	2.8161	0	0	9.65335	55.41378	0	0.02433	0	0	0	0	0	0	0.00936	0	0	0	8.300000000000001e-4	0	0.00395	0	0	0.039389999999999994	0	0	0	0	0	0	0	0	0	0	0	0	0	0	0	0	0	0	0	0	0	0	0	19.40791	0	0	0	0	0	0	2e-4	0	4.92136	0	0	0	0	0	0	0.0017	0	0.02224	0	0.0322
12	0	0	0.31098000000000003	0	0	0	0	0	0	0	0	0	0	0	0	0	0	0	4.58092	0	0	0	0	0	0	0.5635899999999999	0	0	0	0	0	0	0	0	0	0	0	0	0	0	0	0	0	0	0.16905	0	0	0	0	0	0	0	0	0	0	0	0	1.70098	0	0	0	0	0	0	0	0	0	0	0	0	0	0	0	0	0	0	0	0	0	0	0	92.67448	0	0	0	0	0	0	0	0	0	0	0	0	0	0	0	0	0	0	0	0
12	0	0	0.45438	0	0	0	0	0	0.00978	0	0	0	0	0	3.1e-4	0	0.01637	0	0.03213	0.0053100000000000005	0	0	0	0	0.02141	0	0	0	0	0	0	0	0.01396	0	0	0.2532	0	0	0.15744	0.02323	0	0.07898	0	0	7.76824	0	0.023209999999999998	0	1.44159	0	0	0	1.2065299999999999	0	0	0	0	58.58191	0	0	0	0	0	0	0	0	0	0	0	0	0	0	0	0	0	0	0	0	0	0	0	29.90635	0	0	0	0	0	0	0	0	0	0	0	0	0	0	0	0.0056700000000000006	0	0	0	0
12	0	0.03948	7.06728	0	0	0	0	0	0	0	0	0.00157	0	0.03689	0	0.004520000000000001	0	0	0	0	0	0	0	0	0	0	0	0	0	0	0	0	0	0	0	0	0	0	0.69819	4.48259	0	0.07564	0	0	0.77868	0	0	0	0	0	0	0.0511	0	0	0	0	0	5.99474	0.01176	0	0	0	0	0	0	0	0	0	0	0	0	0	0	0	0	0	0	0	0	0	0	80.71353	0.01838	0	0	0	0	0	0	0.025660000000000002	0	0	0	0	0	0	0	0	0	0	0	0
12	0	0.09018999999999999	1.3034299999999999	0	0.01886	0.01341	0	0	7.3e-4	0	0	0.0015	0	0.01989	0	6.08931	0.029169999999999998	0	0.06351	0	0	0	0	0	0	0.02223	0	0	0	0	0	0	0.00777	0	0	0.06817000000000001	0	0	11.736289999999999	9.68835	0	6.7118199999999995	0	0	3.0661400000000003	0	0	0	0.05338	0	0	0.20443	0	0.01481	0	0	0	15.106689999999999	0.10213	0	3.49286	0	0	0	0	0	0	0	0	0	0	0	0	0.09153	0	0	0	0	0	0	0	41.49049	0	0	0	0	0	0	0.47293999999999997	0	0	0	0	0	0	0	0	0.03997	0	0	0	0
12	0	0.8593299999999999	2.40721	0	0	0	0	0	0	0	0	0	0	0.0517	0	0.03405	0	0	0.06282	0	0	0	0	0	0	0	0	0	0	0	0	0	0	0	0	0.6632899999999999	0	0	27.522	1.13386	0	3.14227	0	0	23.41046	0	0	0	2.02985	0	0	1.81086	1.26674	0.01083	0	0	0	1.0967799999999999	0.02128	0	0.04482	0	0	0	0	0	0	0	0	0	0	0	0	0	0	0	0	0	0	0	0	34.42674	0	0	0.0051	0	0	0	0	0	0	0	0	0	0	0	0	0	0	0	0	0
13	0	0.00117	74.88364	0	0	0	0	0	0	0	0	0.058660000000000004	0	0	0	0	0.09308999999999999	0	2.98578	0	0	0	0	0	0	0.06116	0	0	0	0	0	0	0.00209	0	0	0.09813999999999999	0	0	3.13023	0.0017800000000000001	0	0.11043	0	0	0.00702	0	0	0	0.97214	0	0	0	0.14892	0.34974	0	0.02628	0	0.04438	0	0	0.00151	0	0	0	0	0	0	0	0	0	0	0	0	0.01356	0	0	0	0	0	0	0	16.96561	0	0	0	0	0	0	6.6e-4	0	0	0	0	0	0	0	0	0.044000000000000004	0	0	0	0
13	0	0.00157	0.04743	0	0	0	0	0	0	0	0	0.05111	0	0.01567	0	0	3.2e-4	0	0.01329	0	0	0	0	0	0	0.00502	0	0	0	0	0	0	0.054970000000000005	0	0	0.79842	0	0	0.03775	0.0079	0	0.4321	0	0	36.78774	0	0	0	9.9e-4	0	0	0	0	0.0012699999999999999	0	0	0	0.79618	0	0	0	0	0	0	0	0	0	0	0	0	0	0	0	0.00361	0	0	0	0	0	0	0	60.88766	0	0	0	0	0	0	0.05699	0	0	0	0	0	0	0	0	0	0	0	0	0
13	0	0.05272999999999999	3.77561	0	0	0	0	0	0	0	0	0	0	0	0	0.00445	0.09497	0	0.29919	0	0	0	0	0	0.14497000000000002	0.02531	0	0	0	0	0	0	0	0	0	0.02384	0	0	0.08915	1.8377299999999999	0	0.10482000000000001	0	0	1.4418	0	0	0	20.77315	0	0	0	17.75416	0.41586999999999996	0.0038299999999999996	0	0	16.68613	0.0801	0	0.91696	0	0	0	0	0	0	0	0	0	0	0	0	0	0	0	0	0	0	0	0	35.439240000000005	0	0	0	0	0	0	0.03601	0	0	0	0	0	0	0	0	0	0	0	0	0
13	0	6.74225	58.792880000000004	0	0.0216	0	0	0	0.0018	0	0	0.8280200000000001	0	0.04999	0.18592	4.4e-4	3.18007	0	0.07287	0	0	0	0	0	0	0.02593	0	0	0	0	0	0.12908	0.38394	0	0	0.19007000000000002	0	0.051989999999999995	0.24558000000000002	0.06368	0	10.11637	0	0	0.18933	0.01223	0	0.18972999999999998	3.0638900000000002	0	0	0	0	0.01564	0	0	0	0.31114000000000003	0	0	0	0	0	0	0	0	0	0	0	0	0	0	0	0	0	0	0	0	0	0	0	15.135570000000001	0	0	0	0	0	0	0	0	0	0	0	0	0	0	0	0	0	0	0	0
14	0	0	5.36113	0	0	0	0	0.32066	0	0	0	0	0	0.39403	0	0	0	0	10.423210000000001	0	0	0	0	0	0	0.01826	0	0	0	0	0	0	0	0	0	0.56808	0	0	2.68606	1.3229899999999999	0.22230999999999998	1.52973	0	0	0.43917	0	0	0	0	0	0	0	0	0	0	0	0	1.9497400000000003	0	0	0	0	0	0	0	0	0	0	0	0	0	0	0	0	0	0	0	0	0.41803999999999997	0	0	20.58432	0	0	0	0	0	29.41378	0	0.2782	0.04319	23.636129999999998	0.39096	0	0	0	0	0	0	0	0	0
14	0	0.054310000000000004	37.48189	0	0	0	0	0	0	0	0	0	0	0	0.13513	0	1.2261799999999998	0	0.30639	0	0	0	0	0.47534	13.281970000000001	1.6e-4	0	0	0	0	0	0	0	0	0	0	0	0	0.007909999999999999	0.07886	0	0.11118	0	0	0.13178	0	0.01132	0.02625	0.40043	0	0	0	0.8487	0	0	0	0	0.04715	0	0	0	0	0	0	0	0	0	0	0	0	0	0	0	0	0	0	0	0	0	0	0	45.35583	0	0	0	0	0	0	0.019219999999999998	0	0	0	0	0	0	0	0	0	0	0	0	0
14	0	0	1.9089099999999999	0.006640000000000001	0	0	0	0	0	0	0	5.124709999999999	0	3.36165	0	0.00244	0	0.01188	0.13433	0	0	0	1.13493	0.5920300000000001	0	0.42843000000000003	0	0	0	0	0	0	0.41376999999999997	0	0	15.142679999999999	0	0	60.11655	0	0	1.2220600000000001	0	0	0	0	0	0	0.00292	0	0	0.0084	0.07668	0	0	0	0	1.22658	0.15254	0	0.07521	0	0	0	0.15494000000000002	0.74025	0	0	0	1.25415	0	0	0	0.5904	0	0.38888	0	0	0	0	0	2.29454	0	0	0	0	0.04365	0	0.09669	2.86446	0	0	0	0	0.14573	0.17336	0	0	0	0	0.10964000000000002	0
14	0	0.48167	0.63637	0	5.4e-4	0	0	0	0	0	0	2.2e-4	0	0.01669	0	0	1.5e-4	0	0	0	0	0	0	0	0	0	0	0	0	0	0	0	0.00137	0	0	0.23110999999999998	0	0	20.402620000000002	0.21564	0	0.7318600000000001	0	0	56.91958	0	0	0	1.61665	0	0	0.9014	1.07333	0.06157000000000001	0	0	0	0.34631999999999996	0.17532	0	0.02216	0	0	0	0	0	0	0	0	0	0	0	0	0	0	0	0	0	0	0	0	16.16544	0	0	0	0	0	0	0	0	0	0	0	0	0	0	0	0	0	0	0	0
14	0	0.03714	8.27957	0	0	0	0	0	0	0	0	0.0018	0	0.01699	0	0.00747	0	0	0.02755	0	0	0	0	0	0.00981	0.00227	0	0	0	0	0	0	0	0	0	0.01111	0	0	0.72643	4.685569999999999	0	0.07395	0	0	0.60075	0	9.599999999999999e-4	0	0	0	0	0.04359	0.01568	0	0	0	0	5.298690000000001	0.00971	0	0	0	0	0	0	0	0	0	0	0	0	0	0	0	0	0	0	0	0	0	0	80.12983	0	0	0	0	0	0	0	0.016130000000000002	0	0	0	0	0	0	0	0.005	0	0	0	0
14	0	0.013880000000000002	31.159390000000002	0	0	0	0	0	0	0	0	0.01923	0	0.00148	0	0	0.47367	0	0.0193	0	0	0	0	0	0.51956	0	0	0	0	0	0	0	0.00349	0	0	0.049819999999999996	0	0	0.1931	0.028919999999999998	0	0.030389999999999997	0	0	0.055479999999999995	0	0	0	0	0	0	0	0.00411	0	0	0	0	1.07866	0	0	0	0	0	0	0	0	0	0	0	0	0	0	0	0	0	0	0	0	0	0	0	66.34946	0	0	0	0	0	0	0	0	0	0	0	0	0	0	0	0	0	0	0	0
14	0	0	0.06081	0	0.00533	0	0	0	0	0	0	0.0034100000000000003	0	0	0	0	0	0	0.0482	0	0	0	0	0.0029100000000000003	0.00396	0.00245	0	0	0	0	0	0	0.11905	0	0	0.7136	0	0	0.34371	0	0	1.14258	0	0	24.43398	0	0	0	0.00206	0	0	0	0	0	0	0	0	0	0	0	0	0	0	0	0	0	0	0	0	0	0	0	0	0	0	0	0	0	0	0	0	73.11486	0	0	0	0	0	0	0	0	0	0	0	0	0	0	0	0.0030800000000000003	0	0	0	0
15	0	0.012459999999999999	30.967159999999996	0	0.01209	0	0	0	0	0	0	0	0	7.040210000000001	0	0	0.4765	0	0.23885	0	0	0	0	0	0	0	0	0	0	0	0	0	0	0	0	0.09711	0	0	5.6977	5.2688	0	0.8755200000000001	0	0	0.10814000000000001	0	0	0	0.26649	0	0	0	0.01831	0.0136	0	0	0	0	0.37994	0	0	0	0	0	0	0	0	0	0	0	0	0	0	0	0	0	0	0	0	0	0	48.45374	0	0	0	0	0	0	0	0	0	0	0	0	0	0	0	0.06756000000000001	0.00581	0	0	0
15	0	1.6132	41.98802	0	0.11502000000000001	0	0	0	0	0	0	0.00214	0	2.90508	0	0.014769999999999998	1.5282	0	0.13139	0	0	0	0	0	0	0.01089	0	0	0	0	0	0.01335	0.00288	0	0	1.2479799999999999	0	0	11.80079	0.34286	0	2.05645	0	0	0.17459000000000002	0	0	0.00133	0.029169999999999998	0	0	0	0.00314	0.04004	0.00881	0	0	0.10753	1.01102	0	0	0	0	0	0	0	0	0	0	0	0	0	0	0	0	0	0	0	0	0	0	34.83269	0	0	0	0	0	0.0036	0.00197	0	0.00514	0.00248	0	0	0	0	0	0.00548	0	0	0	0
16	0	0.13232	36.884240000000005	0	0.23756	0.0035299999999999997	0	0	0.00225	0	0	0.00757	0	0.10782	0.00716	0.00298	0.00119	0	0.05905	0	0	0	0.00106	0.05339	0	0.04502	0	0	0	0	0	0	0.00474	0	0	1.12592	0	0	22.42803	18.89166	0	1.6988299999999998	0	0	1.60578	0	0	0	0.14425	0	0	0.04858	0	0.0065	0	0	0	12.680069999999999	0.15441	0	0.06431	0	0	0	0	0	0	0	0	0	0	0	0	0.00318	0	0.01314	0	0	0	0	0	3.5611	0	0	0	0	0	0.0129	0.006370000000000001	0	0	0.0051	0	0	0	0	0	0	0	0	0	0
16	0	0.15422	10.352910000000001	0	0.15012999999999999	7.3e-4	0	0	0	0	0	0.00647	0	0.013930000000000001	0.02075	0.03107	0	0	0.28193	0	0	0	0.0020800000000000003	8.699999999999999e-4	0	0	0	0	0	0	0	0	0.0032700000000000003	0	0	1.06966	0	0	18.12783	18.20364	0	0.5654100000000001	0	0	0.77412	0	0	8.5e-4	0.13702	0	0	0.01955	0.04728	0.0168	0	0	0	45.65148	0.0227	0	0.23681	0	0	0	0	0	0	0	0	0	0	0	0	0.040119999999999996	0	0.027219999999999998	0	0	0	0	0	4.03449	0	0	0	0	0	0.00581	0	0	0	8.4e-4	0	0	0	0	0	0	0	0	0	0
16	0	0	0.2454	0	0	0	0	0	0	0	0	0	0	0	0	0.34685	0.0711	0	22.839560000000002	6.1182	0	1.92041	0	0.70349	27.143590000000003	8.45507	0	0	0	0	0	0	0	0	0	0	0	0	0	0.17645	0	0	0	0	0.02727	0	0.40141	2.1825	5.12747	3.39949	0	0.028419999999999997	11.11016	0	1.81178	0	0	0.03236	0	0	0	0	0	0	0	0	0	0	0	0	0	1.4955100000000001	0	0	0.12628	0	0	0	0	0	0	0.09663	0	0	0	0	0	0	0.1081	0	0	0	0	0.01824	0	0	0	6.01425	0	0	0	0
17	0	1.63943	12.08225	0	0	0	0	0	0	0	0	0.7883	0	0	8e-4	50.64723	0	0	0.09102	0	0	0	0	0.00825	0	0	0	0	0	0	0	0.04389	0.1348	0	0	0.31588	0	0.00238	2.9275	0.01436	0	4.03613	0	0	0.01991	0	0	0	0.14909	0	0	0.0017800000000000001	0.007540000000000001	0.00688	0	0	0	3.6501099999999997	0	0	0	0	0	0	0	0	0	0	0	0	0	0	0	0	0	0	0	0	0	0	0	23.22417	0	0.20789000000000002	0	0	0	4e-4	0	0	0	0	0	0	0	0	0	0	0	0	0	0
17	0	0.71337	0.08437	0	0	0	0	0	0	0	0	0.01009	0	0	0.00247	0.00505	0.45431000000000005	0	0.87839	0	0	0	0	0	0	0.010209999999999999	0	0	0	0	0	0.00267	0.056429999999999994	0	0	0.0070799999999999995	0	0.0363	0.11118	0.00519	0	2.4624900000000003	0	0	0.03273	0	0.11482	0	14.79715	0	0	0.09651	0.29479	6.00154	0	0.16480999999999998	0	0.01374	0	0	0	0	0	0	0	0	0	0	0	0	0	0	0	0	0	0	0	0	0	0	0	6.881	0	0	0	0	0	0	0	0	0	0	0	0	0	0	0	66.76331	0	0	0	0
18	0	0.19551	91.28898000000001	0	0	0	0	0	0	0	0	0.00503	0	0	1.5e-4	0.35714	0.74033	0	0.78251	0	0	0	0	0	0	1.42592	0	0	0	0	0	0	0.00462	0	0	0.03429	0	0	0.6787	0.07331	0	0.20221	0	0	1.6409599999999998	0	0	0	0.05445	0	0	0.0017	0	0.17903	1.05051	0	0	0.16342	0.00394	0.00232	0	0	0	0	0	0	0	0	0	0	0	0	0	0	0	0	0	0	0	0	0	1.07584	0	0	0	0	0	0	0.00424	0	0	1.3000000000000002e-4	0	0	0	0	0	0.01701	0.017769999999999998	0	0	0
19	0	0.00976	87.05335	0	0	0	0	0	0	0	0	0	0	0	0	0	1.24448	0	0.19492	0	0	0	0	0.00182	0.0198	0.0026	0	0	0	0	0	0	0	0	0	0	0	0	0.40639000000000003	0.25941	0	0.00892	0	0	0	0	0.013040000000000001	0	2.45096	0	0	0.02928	3.80246	0.16291	0	0	0	0.0044	0	0	0	0	0	0	0	0	0	0	0	0	0	0	0	0	0	0	0	0	0	0	0	4.31061	0	0	0	0	0	0	0	0	0	0	0	0	0	0	0	0.024909999999999998	0	0	0	0
19	0	0	1.05846	0	0	0	0	0	0	0	0	9.8e-4	0	0.41718999999999995	0	1.6e-4	0	0	0.09623999999999999	0	0	0	0	8.1e-4	0.018330000000000003	0.024130000000000002	0	0	0	0	0	0	0	0	0	0.12034	0	0	0.37455	0	0	0.33618000000000003	0	0	0.12394000000000001	0	0	0	0.00371	0	0	0	0.01008	0	0	0	0	12.75709	0.00518	0	0	0	0	0	0	0	0	0	0	0	0	0	0	0	0	0	0	0	0	0	0	84.64885	0	0	0	0	0.0018600000000000001	0	0	0	0	0	0	0	0	0	0	0.0019199999999999998	0	0	0	0
19	0	0	0.14074	0	0	0	0	0	0	0	0	0.053270000000000005	0	0.02522	0	0.0036200000000000004	0	0	0.06642999999999999	0	0	0	0	0	0.01798	0.03511	0	0	0	0	0	0	0.0229	0	0	0	0	0	0.49618	0	0	1.05875	0	0	0.34603	0	0	2e-4	0.0051	0	0	0.16058	0.04463	0	6.4e-4	0	0	13.557179999999999	0	0	0	0	0	0	0.01311	0	0	0	0	0	0	0	0	0	0	0	0	0	0	0	0	83.94901999999999	0	0	0	0	0.00277	0	0	5.200000000000001e-4	0	0	0	0	0	0	0	0	0	0	0	0
20	0	0	8.55142	0	0.08261	0	0	0	0	0	0	0.00625	0	0.08524	0	0.0011	0	0	0.00518	0	0	0	0	0	0.00173	0	0	0	0	0	0	0	0	0	0	2.90013	0	0	34.061640000000004	0	0	0.0059299999999999995	0	0	4.67743	0	0	0	2.2999999999999998e-4	0	0	0	0	0	0	0	0	49.56694	0	0	0	0	0	0	0	0	0	0	0	0	0	0	0	0	0	0	0	0	0	0	0	0.03489	0	0	0	0	0	0	0	0.0192	0	0	0	0	0	0	0	0	0	0	0	0
20	0	0	6.48276	0	0	0	0	0	0	0	0	0	0	0	0	0	0.19092	0	39.44413	0.00237	0	0	0.00262	7.8e-4	19.91122	7.07837	0	0	0	0	0	0	0	0	0	0.01586	0	0	0.00165	0.03615	0	0.34731	0	0	0.18358	0	7.25793	0.89487	2.898	0	0	0.00604	10.10613	0.35215	0	0.29785	0	0.02374	0	0	0	0	0	0	0	0	0	0	0	0	0	0.03617	0	0	2.3999999999999998e-4	0	0	0	0	0	0	0.06712	0	0	0	0	0	0	0	0	0	0	0	0.70214	0	0	0	3.6598800000000002	0	0	0	0
20	0	0.00236	0.54614	0	0	0	0	0	0	0	0	0.00626	0	0.00662	0	0.01743	0.015130000000000001	0	0.16085	0.00114	0	0	0	0	0.0049	0.03147	0	0	0	0	0	0	0.02069	0	0	0.09287000000000001	0	0	0.43904	6.65563	0	1.95992	0	0	0.66191	0	0	0	0.00218	0	0	0	0.0048200000000000005	0	0	0	0	24.2233	0.030330000000000003	0	0.06296	0	0	0	0	0	0	0	0	0	0	0	0	0.004220000000000001	0	0	0	0	0	0	0	64.83076	0	0	0	0	0	0	0.00665	0	0	0	0	0	0	0	0	0.21241999999999997	0	0	0	0
20	0	0.16197	90.65299999999999	0	0	0	0	0	0	0	0	0.00125	0	0	5.099999999999999e-4	3.1e-4	2.62246	0	0.54701	0	0	0	0	0	0	0.00193	0	0	0	0	0	0	0	0	0	0.01925	0	0.0046700000000000005	0.30109	0	0	0.25517	0	0	0.01709	0	0	0	0.91156	0	0	0.02109	0.0809	0.20646	2e-4	0	0	0.06533	0	0	0	0	0	0	0	0	0	0	0	0	0	0	0	0	0	0	0	0	0	0	0	0.14881	0	0	0	0	0	0	0	0	0	0	0	0	0	0	0	3.9799300000000004	0	0	0	0
20	0	1.2253399999999999	0.04897	0	0	0	0	0	0	0	0	0.09232	0	0	0.13971	0	0	0	0	0	0	0	0	0	0	0	0	0	0	0	0	0.01609	1.4375	0	0	0.10350999999999999	0	0.05947	76.7959	0	0.003	9.81658	0	0	3.78856	0	0	0	0.01826	0	0	0.01184	0.04852	0.06729	0	0	0	1.09755	0	0	0.04325	0	0	0	0	0	0	0	0	0	0	0	0	0.01949	0	0.06235	0	0	0	0	0	4.97647	0	0	0	0	0	0	0.12803	0	0	0	0	0	0	0	0	0	0	0	0	0
20	0	1.22758	7.38143	0	0	0	0	0	0	0	0	0.00399	0	0	0	0	0	0	0.01986	0	0	0	0	0	0	0.00884	0	0	0	0	0	0	0.00945	0	0	0.00224	0	0	30.1495	1e-4	0	8.1693	0	0	0.39087	0	0	0	0	0	0	0.70592	0	16.252470000000002	0	0	0	0.8782399999999999	0	0.00112	0	0	0	0	0	0	0	0	0	0	0	0	0	0	0	0	0	0	0	0	0	34.799009999999996	0	0	0	0	0	0	0	0	0	0	0	0	0	0	0	0	0	0	0	0
20	0	0	22.4293	0	0	0	0	0	0	0	0	4.29839	0	0.0049700000000000005	0	0	0	0	0.21683000000000002	0	0	0	0	0.00395	0.02624	0.014669999999999999	0	0	0	0	0	0	1.58152	0	0	1.42114	0	0.0995	0.00473	0	0	9.55176	0	0	0	0	0.0025	0	0	0	0	0	0.0229	0	0	0	0	0.11579	0	0	0	0	0	0	0	0	0	0	0	0	0	0	0	1.2843799999999999	0	0	0	0	0	0	0	47.32567	0	0	4.4e-4	0	0	0	11.59533	0	0	0	0	0	0	0	0	0	0	0	0	0
21	0	0	0.01024	0	0	0	0	0	0	0	0	0.0034200000000000003	0	6.2e-4	0	0	0	0	0	0	0	0	0	0	0	0	0	0	0	0	0	0	0.045110000000000004	0	0	0.01811	0	0	0.07819	0.01567	0	0.52076	0	0	10.831480000000001	0	0	0	0	0	0	0	0	0	0	0	0	0.1969	0	0	0.01888	0	0	0	0	0	0	0	0	0	0	0	0	0	0	0	0	0	0	0	0	88.17818	0	0	0	0	0	0.00247	0.07831	0	0	0.00168	0	0	0	0	0	0	0	0	0	0
22	0	0	0.14661	0	0	0	0	0	0	0	0	0	0	0.00114	0	0.0249	0.00443	0	1.7453900000000002	0	0	0	0	0	0.21281	0.016280000000000003	0	0	0	0	0	0	0	0	0	0	0	0	0.00639	0	0	0	0	0	0	0	0.00625	0.00374	0.06719	0	0	0	0.28828000000000004	0.00242	0	0	0	0.11782000000000001	0	0	0	0	0	0	0.00965	0	0	0	0	0	0	0.00265	0	0	0	0	0	0	0	0	0	97.10025	0	0	0	0	0	0	0	0	0	0	0	0	0	0	0	0.24379	0	0	0	0
22	0	2.01835	77.24336	0	0	0	0	0	0	0	0	0.00884	0	0.0027600000000000003	0.01587	0.06641	0.19891	0	0.25246	0	0	0	0	0	0	0.018869999999999998	0	0	0	0	0	0.15184	0.01366	0	0	0.9740200000000001	0	0.019219999999999998	0.38448000000000004	0.1167	4.1e-4	15.52486	0	0	0.11164	0	0	0	0.32924000000000003	0	0	0	0	0.26955999999999997	0	0	0	1.59166	0	0	0	0	0	0	0	0	0	0	0	0	0	0.0016	0	0	0	0	0	0	0	0	0	0.66872	0	0	0	0	0	0.01185	0	0	0	0.00464	0	0	0	0	0	0	0	0	0	0
24	0	0.01546	10.22589	0	0	0	0	0	0	0.045880000000000004	0	0.0047799999999999995	0	0	0	0	0.04565	0	0.08113	0	0	0	0	0	0.014469999999999998	0	0	0	0	0	0	0	0	0	0	0.029869999999999997	0	0	0.047439999999999996	0.00573	0	5.3e-4	0	0	0	0	0	0	0.26943	0	0	6.2e-4	5.17711	0.01415	0	0	0	0.24468	0	0	0	0	0	0	0	0	0	0	0	0	0	0	0	0	0	0	0	0	0	0	0	70.64278	0	0	0	0	0	0	0	0	0	0	0.03709	0	0	0	0	13.0973	0	0	0	0
